Institute Name,Branch name,OP.open,OP.close,OPPH.open,OPPH.close,SC.open,SC.close,SCPH.open,SCPH.close,ST.open,ST.close,STPH.open,STPH.close,OBC-A.open,OBC-A.close,OBC-A(PwD).open,OBC-A(PwD).close,OBC-B.open,OBC-B.close,OBC-B(PwD).open,OBC-B(PwD).close,TFW.open,TFW.close
Cooch Behar Government Engineering College,Civil Engineering,8820,15087,0,0,15525,24889,0,0,43664,53732,0,0,18859,25898,0,0,15791,17137,0,0,0,0
Cooch Behar Government Engineering College,Civil Engineering (Tfw),0,0,0,0,0,0,0,0,0,0,0,0,0,0,0,0,0,0,0,0,9228,10386
Cooch Behar Government Engineering College,Computer Science & Engineering/ Computer Science & Technology,4519,9657,43786,43786,15258,19150,0,0,40142,55759,0,0,10571,13228,0,0,9679,10411,0,0,0,0
Cooch Behar Government Engineering College,Computer Science & Engineering/Computer Science & Technology (Tfw),0,0,0,0,0,0,0,0,0,0,0,0,0,0,0,0,0,0,0,0,3303,5518
Cooch Behar Government Engineering College,Electrical Engineering,8375,13389,64949,64949,14675,24532,0,0,57622,71508,0,0,14674,18420,0,0,13716,14974,0,0,0,0
Cooch Behar Government Engineering College,Electrical Engineering (Tfw),0,0,0,0,0,0,0,0,0,0,0,0,0,0,0,0,0,0,0,0,4380,8755
Cooch Behar Government Engineering College,Electronics & Communication Engineering/Electronics & Telecommunication Engineering,6986,11824,0,0,15014,21859,0,0,63811,67400,0,0,14756,18185,0,0,12237,12809,0,0,0,0
Cooch Behar Government Engineering College,Electronics & Communication Engineering/Electronics & Telecommunication Engineering (Tfw),0,0,0,0,0,0,0,0,0,0,0,0,0,0,0,0,0,0,0,0,7206,9506
Cooch Behar Government Engineering College,Mechanical Engineering,4723,15235,0,0,18631,25657,0,0,36602,69359,0,0,19747,24277,0,0,16200,16417,0,0,0,0
Cooch Behar Government Engineering College,Mechanical Engineering (Tfw),0,0,0,0,0,0,0,0,0,0,0,0,0,0,0,0,0,0,0,0,6908,10528
Ghani Khan Choudhury Institute Of Engineering and Technology,Electrical Engineering,6763,16585,0,0,21531,25822,0,0,72970,72970,0,0,22028,27563,0,0,17243,17850,0,0,0,0
Ghani Khan Choudhury Institute Of Engineering and Technology,Food Technology,11856,20277,26061,26061,29927,33064,0,0,78365,79759,0,0,24873,28942,0,0,22060,22251,0,0,0,0
Ghani Khan Choudhury Institute Of Engineering and Technology,Mechanical Engineering,9628,17872,0,0,26424,29003,0,0,56153,71754,0,0,18511,25058,0,0,18828,19103,0,0,0,0
Ghani Khan Choudhury Institute Of Engineering and Technology,Mechanical Engineering (Tfw),0,0,0,0,0,0,0,0,0,0,0,0,0,0,0,0,0,0,0,0,11017,12261
Goverment College Of Engineering And Leather Technology,Computer Science & Engineering/ Computer Science & Technology,1795,4609,64300,67438,8013,14566,0,0,30338,33843,0,0,7243,9677,0,0,5386,5612,0,0,0,0
Goverment College Of Engineering And Leather Technology,Computer Science & Engineering/Computer Science & Technology (Tfw),0,0,0,0,0,0,0,0,0,0,0,0,0,0,0,0,0,0,0,0,3427,3911
Goverment College Of Engineering And Leather Technology,Information Technology,4744,7287,0,0,14898,17861,0,0,32059,42514,0,0,0,0,0,0,0,0,0,0,0,0
Goverment College Of Engineering And Leather Technology,Information Technology (Tfw),0,0,0,0,0,0,0,0,0,0,0,0,0,0,0,0,0,0,0,0,5204,6225
Goverment College Of Engineering And Leather Technology,Leather Technology,9402,16440,0,0,16609,24827,0,0,67354,67354,0,0,0,0,0,0,0,0,0,0,0,0
Goverment College Of Engineering And Leather Technology,Leather Technology (Tfw),0,0,0,0,0,0,0,0,0,0,0,0,0,0,0,0,0,0,0,0,5935,6959
"Govt. College Of Engg. & Textile Technology, Berhampore",Computer Science & Engineering/ Computer Science & Technology,4307,8834,0,0,12109,19439,0,0,38660,45519,0,0,0,0,0,0,0,0,0,0,0,0
"Govt. College Of Engg. & Textile Technology, Berhampore",Computer Science & Engineering/Computer Science & Technology (Tfw),0,0,0,0,0,0,0,0,0,0,0,0,0,0,0,0,0,0,0,0,5075,5289
"Govt. College Of Engg. & Textile Technology, Berhampore",Electrical Engineering,4256,9582,0,0,12567,17712,0,0,48705,70862,0,0,0,0,0,0,0,0,0,0,0,0
"Govt. College Of Engg. & Textile Technology, Berhampore",Electrical Engineering (Tfw),0,0,0,0,0,0,0,0,0,0,0,0,0,0,0,0,0,0,0,0,7337,7997
"Govt. College Of Engg. & Textile Technology, Berhampore",Mechanical Engineering,7876,12223,71233,71233,18135,24592,0,0,39250,39268,0,0,0,0,0,0,0,0,0,0,0,0
"Govt. College Of Engg. & Textile Technology, Berhampore",Mechanical Engineering (Tfw),0,0,0,0,0,0,0,0,0,0,0,0,0,0,0,0,0,0,0,0,8109,9501
"Govt. College Of Engg. & Textile Technology, Berhampore",Textile Technology,9785,15759,0,0,23724,29080,0,0,0,0,0,0,16465,17652,0,0,15841,18383,0,0,0,0
"Govt. College Of Engg. & Textile Technology, Berhampore",Textile Technology (Tfw),0,0,0,0,0,0,0,0,0,0,0,0,0,0,0,0,0,0,0,0,10834,11986
"Govt. College Of Engineering & Textile Technology, Serampore",Apparel & Production Management,7736,19115,0,0,21376,30978,0,0,0,0,0,0,20860,28968,0,0,19578,20244,0,0,0,0
"Govt. College Of Engineering & Textile Technology, Serampore",Apparel & Production Management (Tfw),0,0,0,0,0,0,0,0,0,0,0,0,0,0,0,0,0,0,0,0,10906,11036
"Govt. College Of Engineering & Textile Technology, Serampore",Computer Science & Engineering/ Computer Science & Technology,3602,5987,0,0,9445,15425,0,0,37803,49971,0,0,7801,10843,0,0,6579,6844,0,0,0,0
"Govt. College Of Engineering & Textile Technology, Serampore",Computer Science & Engineering/Computer Science & Technology (Tfw),0,0,0,0,0,0,0,0,0,0,0,0,0,0,0,0,0,0,0,0,3016,3306
"Govt. College Of Engineering & Textile Technology, Serampore",Information Technology,5083,8236,0,0,17565,20364,0,0,50663,50868,0,0,11088,11236,0,0,8690,9044,0,0,0,0
"Govt. College Of Engineering & Textile Technology, Serampore",Information Technology (Tfw),0,0,0,0,0,0,0,0,0,0,0,0,0,0,0,0,0,0,0,0,5228,6019
"Govt. College Of Engineering & Textile Technology, Serampore",Textile Technology,4136,10591,0,0,13035,26363,0,0,0,0,0,0,11064,15793,0,0,13291,13421,0,0,0,0
"Govt. College Of Engineering & Textile Technology, Serampore",Textile Technology (Tfw),0,0,0,0,0,0,0,0,0,0,0,0,0,0,0,0,0,0,0,0,3113,5668
Govt. College Of Engineering and Ceramic Technology,Ceramic Enginering And Technology,3567,9223,67465,67465,14026,24554,0,0,78382,78890,0,0,0,0,0,0,0,0,0,0,0,0
Govt. College Of Engineering and Ceramic Technology,Ceramic Enginering And Technology (Tfw),0,0,0,0,0,0,0,0,0,0,0,0,0,0,0,0,0,0,0,0,5509,6446
Govt. College Of Engineering and Ceramic Technology,Computer Science & Engineering/ Computer Science & Technology,1761,5241,56972,56972,7436,15422,0,0,24900,33680,0,0,0,0,0,0,0,0,0,0,0,0
Govt. College Of Engineering and Ceramic Technology,Computer Science & Engineering/Computer Science & Technology (Tfw),0,0,0,0,0,0,0,0,0,0,0,0,0,0,0,0,0,0,0,0,3672,4670
Govt. College Of Engineering and Ceramic Technology,Information Technology,5571,7690,0,0,15625,18456,0,0,34480,58437,0,0,0,0,0,0,0,0,0,0,0,0
Govt. College Of Engineering and Ceramic Technology,Information Technology (Tfw),0,0,0,0,0,0,0,0,0,0,0,0,0,0,0,0,0,0,0,0,2135,5277
"Institute Of Pharmacy, Jalpaiguri",B.Pharm/Pharmaceutical Technology,965,4676,18864,30995,5190,13759,0,0,9506,19732,0,0,5751,7043,0,0,5782,7777,0,0,0,0
"Institute Of Pharmacy, Jalpaiguri",B.Pharm/Pharmaceutical Technology (Tfw),0,0,0,0,0,0,0,0,0,0,0,0,0,0,0,0,0,0,0,0,736,2375
Jalpaiguri Goverment Engineering College,Civil Engineering,1576,8248,0,0,13138,18170,0,0,31276,39702,0,0,0,0,0,0,0,0,0,0,0,0
Jalpaiguri Goverment Engineering College,Civil Engineering (Tfw),0,0,0,0,0,0,0,0,0,0,0,0,0,0,0,0,0,0,0,0,4142,4923
Jalpaiguri Goverment Engineering College,Computer Science & Engineering/ Computer Science & Technology,1595,4015,57914,73134,8406,13780,0,0,36268,39840,0,0,0,0,0,0,0,0,0,0,0,0
Jalpaiguri Goverment Engineering College,Computer Science & Engineering/Computer Science & Technology (Tfw),0,0,0,0,0,0,0,0,0,0,0,0,0,0,0,0,0,0,0,0,3484,4089
Jalpaiguri Goverment Engineering College,Electrical Engineering,2563,6095,43446,43446,12448,16311,0,0,31393,37849,0,0,0,0,0,0,0,0,0,0,0,0
Jalpaiguri Goverment Engineering College,Electrical Engineering (Tfw),0,0,0,0,0,0,0,0,0,0,0,0,0,0,0,0,0,0,0,0,3793,4454
Jalpaiguri Goverment Engineering College,Electronics & Communication Engineering/Electronics & Telecommunication Engineering,2763,5890,54703,64209,12523,16028,0,0,35891,61089,0,0,0,0,0,0,0,0,0,0,0,0
Jalpaiguri Goverment Engineering College,Electronics & Communication Engineering/Electronics & Telecommunication Engineering (Tfw),0,0,0,0,0,0,0,0,0,0,0,0,0,0,0,0,0,0,0,0,3733,4755
Jalpaiguri Goverment Engineering College,Information Technology,2789,6305,75268,75268,14191,17171,0,0,46560,50079,0,0,0,0,0,0,0,0,0,0,0,0
Jalpaiguri Goverment Engineering College,Information Technology (Tfw),0,0,0,0,0,0,0,0,0,0,0,0,0,0,0,0,0,0,0,0,4600,5626
Jalpaiguri Goverment Engineering College,Mechanical Engineering,3962,7192,0,0,13704,17489,0,0,32935,42317,0,0,0,0,0,0,0,0,0,0,0,0
Jalpaiguri Goverment Engineering College,Mechanical Engineering (Tfw),0,0,0,0,0,0,0,0,0,0,0,0,0,0,0,0,0,0,0,0,3607,5355
"Kalyani Goverment Engineering College,",Computer Science & Engineering/ Computer Science & Technology,430,1502,16856,26299,3570,7860,0,0,21946,26174,0,0,0,0,0,0,0,0,0,0,0,0
"Kalyani Goverment Engineering College,",Computer Science & Engineering/Computer Science & Technology (Tfw),0,0,0,0,0,0,0,0,0,0,0,0,0,0,0,0,0,0,0,0,55,1092
"Kalyani Goverment Engineering College,",Electrical Engineering,1519,2925,27206,48973,6086,12305,0,0,6350,30813,0,0,0,0,0,0,0,0,0,0,0,0
"Kalyani Goverment Engineering College,",Electrical Engineering (Tfw),0,0,0,0,0,0,0,0,0,0,0,0,0,0,0,0,0,0,0,0,111,2077
"Kalyani Goverment Engineering College,",Electronics & Communication Engineering/Electronics & Telecommunication Engineering,732,2180,43987,55994,6975,9713,0,0,27369,32492,0,0,0,0,0,0,0,0,0,0,0,0
"Kalyani Goverment Engineering College,",Electronics & Communication Engineering/Electronics & Telecommunication Engineering (Tfw),0,0,0,0,0,0,0,0,0,0,0,0,0,0,0,0,0,0,0,0,1574,2115
"Kalyani Goverment Engineering College,",Information Technology,1588,2933,76986,76986,7960,12877,0,0,30479,41464,0,0,0,0,0,0,0,0,0,0,0,0
"Kalyani Goverment Engineering College,",Information Technology (Tfw),0,0,0,0,0,0,0,0,0,0,0,0,0,0,0,0,0,0,0,0,1932,2623
"Kalyani Goverment Engineering College,",Mechanical Engineering,1546,3553,57457,66836,9215,13183,0,0,25417,30841,0,0,0,0,0,0,0,0,0,0,0,0
"Kalyani Goverment Engineering College,",Mechanical Engineering (Tfw),0,0,0,0,0,0,0,0,0,0,0,0,0,0,0,0,0,0,0,0,1621,2729
"Ramkrishna Mahato Government Engineering College, Purulia",Civil Engineering,6064,16894,0,0,18643,27822,0,0,69897,73316,0,0,18850,25303,0,0,17131,18354,0,0,0,0
"Ramkrishna Mahato Government Engineering College, Purulia",Civil Engineering (Tfw),0,0,0,0,0,0,0,0,0,0,0,0,0,0,0,0,0,0,0,0,6498,11727
"Ramkrishna Mahato Government Engineering College, Purulia",Computer Science & Engineering/ Computer Science & Technology,4683,10018,35692,35692,10755,21988,0,0,30548,58324,0,0,10952,17242,0,0,10056,11211,0,0,0,0
"Ramkrishna Mahato Government Engineering College, Purulia",Computer Science & Engineering/Computer Science & Technology (Tfw),0,0,0,0,0,0,0,0,0,0,0,0,0,0,0,0,0,0,0,0,6608,7201
"Ramkrishna Mahato Government Engineering College, Purulia",Electrical Engineering,4141,15221,72303,72303,15701,24445,0,0,33988,43083,0,0,16732,27133,0,0,15359,15964,0,0,0,0
"Ramkrishna Mahato Government Engineering College, Purulia",Electrical Engineering (Tfw),0,0,0,0,0,0,0,0,0,0,0,0,0,0,0,0,0,0,0,0,6413,11013
"Ramkrishna Mahato Government Engineering College, Purulia",Electronics & Communication Engineering/Electronics & Telecommunication Engineering,10027,14164,71530,71530,18923,26164,0,0,45105,56271,0,0,18274,22938,0,0,14508,15312,0,0,0,0
"Ramkrishna Mahato Government Engineering College, Purulia",Electronics & Communication Engineering/Electronics & Telecommunication Engineering (Tfw),0,0,0,0,0,0,0,0,0,0,0,0,0,0,0,0,0,0,0,0,8713,11035
"Ramkrishna Mahato Government Engineering College, Purulia",Mechanical Engineering,7241,16813,0,0,20854,27548,0,0,33848,68335,0,0,17121,25629,0,0,16941,16958,0,0,0,0
"Ramkrishna Mahato Government Engineering College, Purulia",Mechanical Engineering (Tfw),0,0,0,0,0,0,0,0,0,0,0,0,0,0,0,0,0,0,0,0,7429,10622
Abacus Institute Of Engineering and Management,Civil Engineering,25406,79581,0,0,0,0,0,0,0,0,0,0,0,0,0,0,0,0,0,0,0,0
Abacus Institute Of Engineering and Management,Computer Science & Engineering/ Computer Science & Technology,12520,79390,0,0,0,0,0,0,0,0,0,0,0,0,0,0,0,0,0,0,0,0
Abacus Institute Of Engineering and Management,Computer Science & Engineering/Computer Science & Technology (Tfw),0,0,0,0,0,0,0,0,0,0,0,0,0,0,0,0,0,0,0,0,19338,20066
Abacus Institute Of Engineering and Management,Electrical Engineering,33432,76926,0,0,0,0,0,0,0,0,0,0,0,0,0,0,0,0,0,0,0,0
Abacus Institute Of Engineering and Management,Electronics & Communication Engineering/Electronics & Telecommunication Engineering,27084,72155,0,0,0,0,0,0,0,0,0,0,0,0,0,0,0,0,0,0,0,0
Academy Of Technology,Applied Electronics & Instrumentation Engineering/ Electronics & Instrumentation Engineering,20470,59353,0,0,59840,59840,0,0,0,0,0,0,0,0,0,0,0,0,0,0,0,0
Academy Of Technology,Applied Electronics & Instrumentation Engineering/ Electronics & Instrumentation Engineering (Tfw),0,0,0,0,0,0,0,0,0,0,0,0,0,0,0,0,0,0,0,0,13053,17825
Academy Of Technology,Computer Science & Engineering/ Computer Science & Technology,3186,14407,0,0,0,0,0,0,0,0,0,0,0,0,0,0,0,0,0,0,0,0
Academy Of Technology,Computer Science & Engineering/Computer Science & Technology (Tfw),0,0,0,0,0,0,0,0,0,0,0,0,0,0,0,0,0,0,0,0,4335,8123
Academy Of Technology,Electrical Engineering,13265,37028,0,0,38953,38953,0,0,0,0,0,0,48188,48188,0,0,0,0,0,0,0,0
Academy Of Technology,Electrical Engineering (Tfw),0,0,0,0,0,0,0,0,0,0,0,0,0,0,0,0,0,0,0,0,10756,14804
Academy Of Technology,Electronics & Communication Engineering/Electronics & Telecommunication Engineering,8933,24627,0,0,0,0,0,0,0,0,0,0,0,0,0,0,0,0,0,0,0,0
Academy Of Technology,Electronics & Communication Engineering/Electronics & Telecommunication Engineering (Tfw),0,0,0,0,0,0,0,0,0,0,0,0,0,0,0,0,0,0,0,0,8036,12812
Academy Of Technology,Information Technology,11590,21754,0,0,0,0,0,0,0,0,0,0,0,0,0,0,0,0,0,0,0,0
Academy Of Technology,Information Technology (Tfw),0,0,0,0,0,0,0,0,0,0,0,0,0,0,0,0,0,0,0,0,7253,9206
Academy Of Technology,Mechanical Engineering,15354,80497,0,0,0,0,0,0,0,0,0,0,0,0,0,0,0,0,0,0,0,0
Academy Of Technology,Mechanical Engineering (Tfw),0,0,0,0,0,0,0,0,0,0,0,0,0,0,0,0,0,0,0,0,18211,19450
Adamas University,B.Pharm/Pharmaceutical Technology,7654,32866,78463,78463,0,0,0,0,0,0,0,0,0,0,0,0,0,0,0,0,0,0
Adamas University,Civil Engineering,9090,78676,0,0,0,0,0,0,0,0,0,0,0,0,0,0,0,0,0,0,0,0
Adamas University,Computer Science & Engineering/ Computer Science & Technology,8750,48749,0,0,0,0,0,0,0,0,0,0,0,0,0,0,0,0,0,0,0,0
Adamas University,Electrical Engineering,37554,58413,0,0,0,0,0,0,0,0,0,0,0,0,0,0,0,0,0,0,0,0
Adamas University,Electronics & Communication Engineering/Electronics & Telecommunication Engineering,36939,77868,0,0,0,0,0,0,0,0,0,0,0,0,0,0,0,0,0,0,0,0
Adamas University,Mechanical Engineering,50618,50618,0,0,0,0,0,0,0,0,0,0,0,0,0,0,0,0,0,0,0,0
Asansol Engineering College,Applied Electronics & Instrumentation Engineering/ Electronics & Instrumentation Engineering,22953,79917,0,0,0,0,0,0,0,0,0,0,0,0,0,0,0,0,0,0,0,0
Asansol Engineering College,Applied Electronics & Instrumentation Engineering/ Electronics & Instrumentation Engineering (Tfw),0,0,0,0,0,0,0,0,0,0,0,0,0,0,0,0,0,0,0,0,22612,29440
Asansol Engineering College,Civil Engineering,22619,75410,0,0,0,0,0,0,0,0,0,0,0,0,0,0,0,0,0,0,0,0
Asansol Engineering College,Civil Engineering (Tfw),0,0,0,0,0,0,0,0,0,0,0,0,0,0,0,0,0,0,0,0,25000,25685
Asansol Engineering College,Computer Science & Engineering/ Computer Science & Technology,7529,24357,0,0,0,0,0,0,0,0,0,0,0,0,0,0,0,0,0,0,0,0
Asansol Engineering College,Computer Science & Engineering/Computer Science & Technology (Tfw),0,0,0,0,0,0,0,0,0,0,0,0,0,0,0,0,0,0,0,0,1685,9803
Asansol Engineering College,Electrical Engineering,11937,80168,0,0,0,0,0,0,0,0,0,0,0,0,0,0,0,0,0,0,0,0
Asansol Engineering College,Electrical Engineering (Tfw),0,0,0,0,0,0,0,0,0,0,0,0,0,0,0,0,0,0,0,0,10661,26525
Asansol Engineering College,Electronics & Communication Engineering/Electronics & Telecommunication Engineering,15199,60676,0,0,0,0,0,0,0,0,0,0,0,0,0,0,0,0,0,0,0,0
Asansol Engineering College,Electronics & Communication Engineering/Electronics & Telecommunication Engineering (Tfw),0,0,0,0,0,0,0,0,0,0,0,0,0,0,0,0,0,0,0,0,15899,20207
Asansol Engineering College,Information Technology,23807,46987,0,0,0,0,0,0,0,0,0,0,0,0,0,0,0,0,0,0,0,0
Asansol Engineering College,Information Technology (Tfw),0,0,0,0,0,0,0,0,0,0,0,0,0,0,0,0,0,0,0,0,11184,15796
Asansol Engineering College,Mechanical Engineering,17983,67115,0,0,0,0,0,0,0,0,0,0,0,0,0,0,0,0,0,0,0,0
Asansol Engineering College,Mechanical Engineering (Tfw),0,0,0,0,0,0,0,0,0,0,0,0,0,0,0,0,0,0,0,0,14865,29334
B.P. Poddar Institute Of Management and Technology,Computer Science & Engineering/ Computer Science & Technology,5582,15631,0,0,0,0,0,0,0,0,0,0,0,0,0,0,0,0,0,0,0,0
B.P. Poddar Institute Of Management and Technology,Computer Science & Engineering/Computer Science & Technology (Tfw),0,0,0,0,0,0,0,0,0,0,0,0,0,0,0,0,0,0,0,0,6668,7985
B.P. Poddar Institute Of Management and Technology,Electrical Engineering,12842,39643,0,0,0,0,0,0,0,0,0,0,0,0,0,0,0,0,0,0,0,0
B.P. Poddar Institute Of Management and Technology,Electrical Engineering (Tfw),0,0,0,0,0,0,0,0,0,0,0,0,0,0,0,0,0,0,0,0,16395,17843
B.P. Poddar Institute Of Management and Technology,Electronics & Communication Engineering/Electronics & Telecommunication Engineering,6189,27310,0,0,0,0,0,0,0,0,0,0,0,0,0,0,0,0,0,0,0,0
B.P. Poddar Institute Of Management and Technology,Electronics & Communication Engineering/Electronics & Telecommunication Engineering (Tfw),0,0,0,0,0,0,0,0,0,0,0,0,0,0,0,0,0,0,0,0,11290,15368
B.P. Poddar Institute Of Management and Technology,Information Technology,15651,23069,0,0,0,0,0,0,0,0,0,0,0,0,0,0,0,0,0,0,0,0
B.P. Poddar Institute Of Management and Technology,Information Technology (Tfw),0,0,0,0,0,0,0,0,0,0,0,0,0,0,0,0,0,0,0,0,10666,11726
Bankura Unnayani Institute Of Engineering,Applied Electronics & Instrumentation Engineering/ Electronics & Instrumentation Engineering,11054,75072,0,0,0,0,0,0,0,0,0,0,0,0,0,0,0,0,0,0,0,0
Bankura Unnayani Institute Of Engineering,Civil Engineering,11082,78652,0,0,0,0,0,0,0,0,0,0,0,0,0,0,0,0,0,0,0,0
Bankura Unnayani Institute Of Engineering,Computer Science & Engineering/ Computer Science & Technology,11491,79970,0,0,0,0,0,0,0,0,0,0,0,0,0,0,0,0,0,0,0,0
Bankura Unnayani Institute Of Engineering,Computer Science & Engineering/Computer Science & Technology (Tfw),0,0,0,0,0,0,0,0,0,0,0,0,0,0,0,0,0,0,0,0,12664,19717
Bankura Unnayani Institute Of Engineering,Electrical Engineering,22420,70897,0,0,0,0,0,0,0,0,0,0,0,0,0,0,0,0,0,0,0,0
Bankura Unnayani Institute Of Engineering,Electronics & Communication Engineering/Electronics & Telecommunication Engineering,22118,69224,0,0,0,0,0,0,0,0,0,0,0,0,0,0,0,0,0,0,0,0
Bankura Unnayani Institute Of Engineering,Information Technology,45654,78688,0,0,0,0,0,0,0,0,0,0,0,0,0,0,0,0,0,0,0,0
Bankura Unnayani Institute Of Engineering,Mechanical Engineering,33528,79797,0,0,0,0,0,0,0,0,0,0,0,0,0,0,0,0,0,0,0,0
BCDA College Of Pharmacy and Technology,B.Pharm/Pharmaceutical Technology,4343,31109,0,0,33340,50434,0,0,0,0,0,0,0,0,0,0,0,0,0,0,0,0
BCDA College Of Pharmacy and Technology,B.Pharm/Pharmaceutical Technology (Tfw),0,0,0,0,0,0,0,0,0,0,0,0,0,0,0,0,0,0,0,0,3270,8385
Bengal College Of Engineering,Computer Science & Engineering/ Computer Science & Technology,12200,80264,0,0,0,0,0,0,0,0,0,0,0,0,0,0,0,0,0,0,0,0
Bengal College Of Engineering,Computer Science & Engineering/Computer Science & Technology (Tfw),0,0,0,0,0,0,0,0,0,0,0,0,0,0,0,0,0,0,0,0,17426,28665
Bengal College Of Engineering,Electrical Engineering,66920,74903,0,0,0,0,0,0,0,0,0,0,0,0,0,0,0,0,0,0,0,0
Bengal College Of Engineering,Electronics & Communication Engineering/Electronics & Telecommunication Engineering,12701,58028,0,0,0,0,0,0,0,0,0,0,0,0,0,0,0,0,0,0,0,0
Bengal College Of Engineering and Technology,Civil Engineering,21308,72181,0,0,0,0,0,0,0,0,0,0,0,0,0,0,0,0,0,0,0,0
Bengal College Of Engineering and Technology,Civil Engineering (Tfw),0,0,0,0,0,0,0,0,0,0,0,0,0,0,0,0,0,0,0,0,21264,33054
Bengal College Of Engineering and Technology,Computer Science & Engineering/ Computer Science & Technology,1844,78923,0,0,0,0,0,0,0,0,0,0,0,0,0,0,0,0,0,0,0,0
Bengal College Of Engineering and Technology,Computer Science & Engineering/Computer Science & Technology (Tfw),0,0,0,0,0,0,0,0,0,0,0,0,0,0,0,0,0,0,0,0,13579,27479
Bengal College Of Engineering and Technology,Electrical & Electronics Engineering,46938,75370,0,0,0,0,0,0,0,0,0,0,0,0,0,0,0,0,0,0,0,0
Bengal College Of Engineering and Technology,Electrical Engineering,50972,74431,0,0,0,0,0,0,0,0,0,0,0,0,0,0,0,0,0,0,0,0
Bengal College Of Engineering and Technology,Electrical Engineering (Tfw),0,0,0,0,0,0,0,0,0,0,0,0,0,0,0,0,0,0,0,0,29479,33292
Bengal College Of Engineering and Technology,Electronics & Communication Engineering/Electronics & Telecommunication Engineering,31322,70159,0,0,0,0,0,0,0,0,0,0,0,0,0,0,0,0,0,0,0,0
Bengal College Of Engineering and Technology,Electronics & Communication Engineering/Electronics & Telecommunication Engineering (Tfw),0,0,0,0,0,0,0,0,0,0,0,0,0,0,0,0,0,0,0,0,21727,35076
Bengal College Of Engineering and Technology,Information Technology,34105,77403,0,0,0,0,0,0,0,0,0,0,0,0,0,0,0,0,0,0,0,0
Bengal College Of Engineering and Technology,Information Technology (Tfw),0,0,0,0,0,0,0,0,0,0,0,0,0,0,0,0,0,0,0,0,13319,32965
Bengal College Of Engineering and Technology,Mechanical Engineering,18898,80577,0,0,0,0,0,0,0,0,0,0,0,0,0,0,0,0,0,0,0,0
Bengal College Of Engineering and Technology,Mechanical Engineering (Tfw),0,0,0,0,0,0,0,0,0,0,0,0,0,0,0,0,0,0,0,0,28807,37090
Bengal College Of Pharmaceutical Science and Research,B.Pharm/Pharmaceutical Technology,9594,44108,0,0,0,0,0,0,0,0,0,0,0,0,0,0,0,0,0,0,0,0
Bengal College Of Pharmaceutical Science and Research,B.Pharm/Pharmaceutical Technology (Tfw),0,0,0,0,0,0,0,0,0,0,0,0,0,0,0,0,0,0,0,0,9505,11790
Bengal Institute Of Technology,Biotechnology,4105,60261,0,0,0,0,0,0,0,0,0,0,0,0,0,0,0,0,0,0,0,0
Bengal Institute Of Technology,Biotechnology (Tfw),0,0,0,0,0,0,0,0,0,0,0,0,0,0,0,0,0,0,0,0,26868,28937
Bengal Institute Of Technology,Computer Science & Engineering/ Computer Science & Technology,17427,53256,0,0,0,0,0,0,0,0,0,0,0,0,0,0,0,0,0,0,0,0
Bengal Institute Of Technology,Computer Science & Engineering/Computer Science & Technology (Tfw),0,0,0,0,0,0,0,0,0,0,0,0,0,0,0,0,0,0,0,0,9992,17504
Bengal Institute Of Technology,Electronics & Communication Engineering/Electronics & Telecommunication Engineering,26019,73847,0,0,0,0,0,0,0,0,0,0,0,0,0,0,0,0,0,0,0,0
Bengal Institute Of Technology,Electronics & Communication Engineering/Electronics & Telecommunication Engineering (Tfw),0,0,0,0,0,0,0,0,0,0,0,0,0,0,0,0,0,0,0,0,11789,21739
Bengal Institute Of Technology,Information Technology,11855,79659,0,0,0,0,0,0,0,0,0,0,0,0,0,0,0,0,0,0,0,0
Bengal Institute Of Technology,Information Technology (Tfw),0,0,0,0,0,0,0,0,0,0,0,0,0,0,0,0,0,0,0,0,17931,22011
Bengal Institute Of Technology and Management,Computer Science & Engineering/ Computer Science & Technology,13279,79756,0,0,0,0,0,0,0,0,0,0,0,0,0,0,0,0,0,0,0,0
Bengal Institute Of Technology and Management,Computer Science & Engineering/Computer Science & Technology (Tfw),0,0,0,0,0,0,0,0,0,0,0,0,0,0,0,0,0,0,0,0,22601,29206
Bengal Institute Of Technology and Management,Electrical Engineering,32341,53825,0,0,0,0,0,0,0,0,0,0,0,0,0,0,0,0,0,0,0,0
Bengal Institute Of Technology and Management,Electronics & Communication Engineering/Electronics & Telecommunication Engineering,33259,49473,0,0,0,0,0,0,0,0,0,0,0,0,0,0,0,0,0,0,0,0
Bengal Institute Of Technology and Management,Information Technology,20565,53751,0,0,0,0,0,0,0,0,0,0,0,0,0,0,0,0,0,0,0,0
Bengal Institute Of Technology and Management,Mechanical Engineering,29689,72282,0,0,0,0,0,0,0,0,0,0,0,0,0,0,0,0,0,0,0,0
Bengal School Of Technology,B.Pharm/Pharmaceutical Technology,12417,43343,0,0,52514,66343,0,0,0,0,0,0,0,0,0,0,43852,50863,0,0,0,0
Bengal School Of Technology,B.Pharm/Pharmaceutical Technology (Tfw),0,0,0,0,0,0,0,0,0,0,0,0,0,0,0,0,0,0,0,0,7045,13524
Bharat Technology,B.Pharm/Pharmaceutical Technology,8348,55479,0,0,0,0,0,0,0,0,0,0,0,0,0,0,0,0,0,0,0,0
Bharat Technology,B.Pharm/Pharmaceutical Technology (Tfw),0,0,0,0,0,0,0,0,0,0,0,0,0,0,0,0,0,0,0,0,10626,13853
Birbhum Institute Of Engineering and Technology,Civil Engineering,14232,42263,0,0,0,0,0,0,0,0,0,0,0,0,0,0,0,0,0,0,0,0
Birbhum Institute Of Engineering and Technology,Computer Science & Engineering/ Computer Science & Technology,26943,71081,0,0,0,0,0,0,0,0,0,0,0,0,0,0,0,0,0,0,0,0
Birbhum Institute Of Engineering and Technology,Computer Science & Engineering/Computer Science & Technology (Tfw),0,0,0,0,0,0,0,0,0,0,0,0,0,0,0,0,0,0,0,0,22004,35758
Birbhum Institute Of Engineering and Technology,Electrical Engineering,13063,78529,0,0,0,0,0,0,0,0,0,0,0,0,0,0,0,0,0,0,0,0
Birbhum Institute Of Engineering and Technology,Electronics & Communication Engineering/Electronics & Telecommunication Engineering,17397,17397,0,0,0,0,0,0,0,0,0,0,0,0,0,0,0,0,0,0,0,0
Birbhum Institute Of Engineering and Technology,Mechanical Engineering,21109,73465,0,0,0,0,0,0,0,0,0,0,0,0,0,0,0,0,0,0,0,0
Birbhum Pharmacy School,B.Pharm/Pharmaceutical Technology,12543,58835,0,0,63530,63530,0,0,0,0,0,0,58918,58918,0,0,60352,60352,0,0,0,0
Birbhum Pharmacy School,B.Pharm/Pharmaceutical Technology (Tfw),0,0,0,0,0,0,0,0,0,0,0,0,0,0,0,0,0,0,0,0,13867,16999
Brainware University,B.Pharm/Pharmaceutical Technology,23912,56194,0,0,61708,74609,0,0,0,0,0,0,56332,59396,0,0,59243,59243,0,0,0,0
Brainware University,Computer Science & Engineering/ Computer Science & Technology,20179,78715,0,0,0,0,0,0,0,0,0,0,0,0,0,0,0,0,0,0,0,0
Brainware University,Computer Science & Engineering/Computer Science & Technology (Tfw),0,0,0,0,0,0,0,0,0,0,0,0,0,0,0,0,0,0,0,0,15011,21896
Brainware University,Electronics & Communication Engineering/Electronics & Telecommunication Engineering,75163,75163,0,0,0,0,0,0,0,0,0,0,0,0,0,0,0,0,0,0,0,0
Brainware University,Electronics & Communication Engineering/Electronics & Telecommunication Engineering (Tfw),0,0,0,0,0,0,0,0,0,0,0,0,0,0,0,0,0,0,0,0,25480,30856
Budge Budge Institute Of Technology,Civil Engineering,27380,61052,0,0,0,0,0,0,0,0,0,0,0,0,0,0,0,0,0,0,0,0
Budge Budge Institute Of Technology,Computer Science & Engineering/ Computer Science & Technology,13650,80473,0,0,0,0,0,0,0,0,0,0,0,0,0,0,0,0,0,0,0,0
Budge Budge Institute Of Technology,Computer Science & Engineering/Computer Science & Technology (Tfw),0,0,0,0,0,0,0,0,0,0,0,0,0,0,0,0,0,0,0,0,20488,27316
Budge Budge Institute Of Technology,Electrical Engineering,37560,59952,0,0,0,0,0,0,0,0,0,0,0,0,0,0,0,0,0,0,0,0
Budge Budge Institute Of Technology,Electrical Engineering (Tfw),0,0,0,0,0,0,0,0,0,0,0,0,0,0,0,0,0,0,0,0,12121,35331
Budge Budge Institute Of Technology,Electronics & Communication Engineering/Electronics & Telecommunication Engineering,21761,52536,0,0,0,0,0,0,0,0,0,0,0,0,0,0,0,0,0,0,0,0
Budge Budge Institute Of Technology,Electronics & Communication Engineering/Electronics & Telecommunication Engineering (Tfw),0,0,0,0,0,0,0,0,0,0,0,0,0,0,0,0,0,0,0,0,19721,35010
Budge Budge Institute Of Technology,Mechanical Engineering,29148,29148,0,0,0,0,0,0,0,0,0,0,0,0,0,0,0,0,0,0,0,0
Calcutta Institute Of Engineering and Management,Civil Engineering,25871,60007,0,0,0,0,0,0,0,0,0,0,0,0,0,0,0,0,0,0,0,0
Calcutta Institute Of Engineering and Management,Computer Science & Engineering/ Computer Science & Technology,3734,32703,0,0,0,0,0,0,0,0,0,0,0,0,0,0,0,0,0,0,0,0
Calcutta Institute Of Engineering and Management,Computer Science & Engineering/Computer Science & Technology (Tfw),0,0,0,0,0,0,0,0,0,0,0,0,0,0,0,0,0,0,0,0,10154,15004
Calcutta Institute Of Engineering and Management,Electrical Engineering,22322,71739,0,0,0,0,0,0,0,0,0,0,0,0,0,0,0,0,0,0,0,0
Calcutta Institute Of Engineering and Management,Electrical Engineering (Tfw),0,0,0,0,0,0,0,0,0,0,0,0,0,0,0,0,0,0,0,0,25712,31430
Calcutta Institute Of Engineering and Management,Electronics & Communication Engineering/Electronics & Telecommunication Engineering,26011,79477,0,0,0,0,0,0,0,0,0,0,0,0,0,0,0,0,0,0,0,0
Calcutta Institute Of Engineering and Management,Electronics & Communication Engineering/Electronics & Telecommunication Engineering (Tfw),0,0,0,0,0,0,0,0,0,0,0,0,0,0,0,0,0,0,0,0,17580,25899
Calcutta Institute Of Engineering and Management,Information Technology,9338,57948,0,0,0,0,0,0,0,0,0,0,0,0,0,0,0,0,0,0,0,0
Calcutta Institute Of Engineering and Management,Information Technology (Tfw),0,0,0,0,0,0,0,0,0,0,0,0,0,0,0,0,0,0,0,0,15921,19358
Calcutta Institute Of Pharmaceutical Tech. and Allied Health Sciences,B.Pharm/Pharmaceutical Technology,9273,38372,0,0,42057,61422,0,0,0,0,0,0,0,0,0,0,0,0,0,0,0,0
Calcutta Institute Of Pharmaceutical Tech. and Allied Health Sciences,B.Pharm/Pharmaceutical Technology (Tfw),0,0,0,0,0,0,0,0,0,0,0,0,0,0,0,0,0,0,0,0,7269,8566
Calcutta Institute Of Technology,Chemical Engineering,8327,73800,0,0,0,0,0,0,0,0,0,0,0,0,0,0,0,0,0,0,0,0
Calcutta Institute Of Technology,Civil Engineering,30212,69177,0,0,0,0,0,0,0,0,0,0,0,0,0,0,0,0,0,0,0,0
Calcutta Institute Of Technology,Computer Science & Engineering/ Computer Science & Technology,5678,57290,0,0,68718,74387,0,0,0,0,0,0,68458,68458,0,0,0,0,0,0,0,0
Calcutta Institute Of Technology,Computer Science & Engineering/Computer Science & Technology (Tfw),0,0,0,0,0,0,0,0,0,0,0,0,0,0,0,0,0,0,0,0,5471,15232
Calcutta Institute Of Technology,Electrical Engineering,17817,68259,0,0,0,0,0,0,0,0,0,0,0,0,0,0,0,0,0,0,0,0
Calcutta Institute Of Technology,Electronics & Communication Engineering/Electronics & Telecommunication Engineering,19168,77785,0,0,0,0,0,0,0,0,0,0,0,0,0,0,0,0,0,0,0,0
Calcutta Institute Of Technology,Mechanical Engineering,17609,48323,0,0,0,0,0,0,0,0,0,0,0,0,0,0,0,0,0,0,0,0
Camellia Institute Of Engineering and Technology,Computer Science & Engineering/ Computer Science & Technology,39932,78476,0,0,0,0,0,0,0,0,0,0,0,0,0,0,0,0,0,0,0,0
Camellia Institute Of Engineering and Technology,Electrical Engineering,31696,44857,0,0,0,0,0,0,0,0,0,0,0,0,0,0,0,0,0,0,0,0
Camellia Institute Of Technology,Computer Science & Engineering/ Computer Science & Technology,41495,49407,0,0,0,0,0,0,0,0,0,0,0,0,0,0,0,0,0,0,0,0
Camellia Institute Of Technology,Computer Science & Engineering/Computer Science & Technology (Tfw),0,0,0,0,0,0,0,0,0,0,0,0,0,0,0,0,0,0,0,0,15457,27984
Camellia Institute Of Technology,Electronics & Communication Engineering/Electronics & Telecommunication Engineering,36911,36911,0,0,0,0,0,0,0,0,0,0,0,0,0,0,0,0,0,0,0,0
Camellia Institute Of Technology,Information Technology,73848,73848,0,0,0,0,0,0,0,0,0,0,0,0,0,0,0,0,0,0,0,0
Camellia Institute Of Technology and Management,Computer Science & Engineering/ Computer Science & Technology,77037,77037,0,0,0,0,0,0,0,0,0,0,0,0,0,0,0,0,0,0,0,0
Camellia School Of Engineering and Technology,Civil Engineering,72127,72127,0,0,0,0,0,0,0,0,0,0,0,0,0,0,0,0,0,0,0,0
Camellia School Of Engineering and Technology,Computer Science & Engineering/ Computer Science & Technology,54059,76269,0,0,0,0,0,0,0,0,0,0,0,0,0,0,0,0,0,0,0,0
Camellia School Of Engineering and Technology,Computer Science & Engineering/Computer Science & Technology (Tfw),0,0,0,0,0,0,0,0,0,0,0,0,0,0,0,0,0,0,0,0,33436,34922
Camellia School Of Engineering and Technology,Information Technology,60105,60105,0,0,0,0,0,0,0,0,0,0,0,0,0,0,0,0,0,0,0,0
"College Of Engineering And Management, Kolaghat",Applied Electronics & Instrumentation Engineering/ Electronics & Instrumentation Engineering,36185,79126,0,0,0,0,0,0,0,0,0,0,0,0,0,0,0,0,0,0,0,0
"College Of Engineering And Management, Kolaghat",Computer Science & Engineering/ Computer Science & Technology,13772,49124,0,0,52674,73247,0,0,0,0,0,0,0,0,0,0,0,0,0,0,0,0
"College Of Engineering And Management, Kolaghat",Computer Science & Engineering/Computer Science & Technology (Tfw),0,0,0,0,0,0,0,0,0,0,0,0,0,0,0,0,0,0,0,0,13489,21914
"College Of Engineering And Management, Kolaghat",Electrical Engineering,19847,80052,0,0,0,0,0,0,0,0,0,0,0,0,0,0,0,0,0,0,0,0
"College Of Engineering And Management, Kolaghat",Electrical Engineering (Tfw),0,0,0,0,0,0,0,0,0,0,0,0,0,0,0,0,0,0,0,0,20546,27378
"College Of Engineering And Management, Kolaghat",Electronics & Communication Engineering/Electronics & Telecommunication Engineering,13544,79521,0,0,0,0,0,0,0,0,0,0,0,0,0,0,0,0,0,0,0,0
"College Of Engineering And Management, Kolaghat",Electronics & Communication Engineering/Electronics & Telecommunication Engineering (Tfw),0,0,0,0,0,0,0,0,0,0,0,0,0,0,0,0,0,0,0,0,16932,25291
"College Of Engineering And Management, Kolaghat",Information Technology,20004,78961,0,0,0,0,0,0,0,0,0,0,0,0,0,0,0,0,0,0,0,0
"College Of Engineering And Management, Kolaghat",Information Technology (Tfw),0,0,0,0,0,0,0,0,0,0,0,0,0,0,0,0,0,0,0,0,23955,29943
"College Of Engineering And Management, Kolaghat",Mechanical Engineering,40040,78611,0,0,0,0,0,0,0,0,0,0,0,0,0,0,0,0,0,0,0,0
"College Of Engineering And Management, Kolaghat",Mechanical Engineering (Tfw),0,0,0,0,0,0,0,0,0,0,0,0,0,0,0,0,0,0,0,0,17628,31049
Dr. B. C. Roy College Of Pharmacy and Allied Health Sciences,B.Pharm/Pharmaceutical Technology,6375,32219,0,0,0,0,0,0,0,0,0,0,0,0,0,0,0,0,0,0,0,0
Dr. B. C. Roy College Of Pharmacy and Allied Health Sciences,B.Pharm/Pharmaceutical Technology (Tfw),0,0,0,0,0,0,0,0,0,0,0,0,0,0,0,0,0,0,0,0,5080,8807
Dr. B. C. Roy Engineering College,Applied Electronics & Instrumentation Engineering/ Electronics & Instrumentation Engineering,32077,80374,0,0,0,0,0,0,0,0,0,0,0,0,0,0,0,0,0,0,0,0
Dr. B. C. Roy Engineering College,Civil Engineering,16221,79866,0,0,0,0,0,0,0,0,0,0,0,0,0,0,0,0,0,0,0,0
Dr. B. C. Roy Engineering College,Civil Engineering (Tfw),0,0,0,0,0,0,0,0,0,0,0,0,0,0,0,0,0,0,0,0,23781,31591
Dr. B. C. Roy Engineering College,Computer Science & Engineering/ Computer Science & Technology,8799,28654,0,0,0,0,0,0,0,0,0,0,0,0,0,0,0,0,0,0,0,0
Dr. B. C. Roy Engineering College,Computer Science & Engineering/Computer Science & Technology (Tfw),0,0,0,0,0,0,0,0,0,0,0,0,0,0,0,0,0,0,0,0,10805,14169
Dr. B. C. Roy Engineering College,Electrical Engineering,19258,78037,0,0,0,0,0,0,0,0,0,0,0,0,0,0,0,0,0,0,0,0
Dr. B. C. Roy Engineering College,Electrical Engineering (Tfw),0,0,0,0,0,0,0,0,0,0,0,0,0,0,0,0,0,0,0,0,19281,27790
Dr. B. C. Roy Engineering College,Electronics & Communication Engineering/Electronics & Telecommunication Engineering,15552,80507,0,0,0,0,0,0,0,0,0,0,0,0,0,0,0,0,0,0,0,0
Dr. B. C. Roy Engineering College,Electronics & Communication Engineering/Electronics & Telecommunication Engineering (Tfw),0,0,0,0,0,0,0,0,0,0,0,0,0,0,0,0,0,0,0,0,7080,22434
Dr. B. C. Roy Engineering College,Information Technology,19767,48637,0,0,0,0,0,0,0,0,0,0,0,0,0,0,0,0,0,0,0,0
Dr. B. C. Roy Engineering College,Information Technology (Tfw),0,0,0,0,0,0,0,0,0,0,0,0,0,0,0,0,0,0,0,0,18295,20056
Dr. B. C. Roy Engineering College,Mechanical Engineering,24401,76993,0,0,0,0,0,0,0,0,0,0,0,0,0,0,0,0,0,0,0,0
Dr. B. C. Roy Engineering College,Mechanical Engineering (Tfw),0,0,0,0,0,0,0,0,0,0,0,0,0,0,0,0,0,0,0,0,18985,32226
Dr. Sudhir Chandra Sur Degree Engineering College,Automobile Engineering,25691,69180,0,0,0,0,0,0,0,0,0,0,0,0,0,0,0,0,0,0,0,0
Dr. Sudhir Chandra Sur Degree Engineering College,Computer Science & Engineering/ Computer Science & Technology,23681,78661,0,0,0,0,0,0,0,0,0,0,0,0,0,0,0,0,0,0,0,0
Dr. Sudhir Chandra Sur Degree Engineering College,Computer Science & Engineering/Computer Science & Technology (Tfw),0,0,0,0,0,0,0,0,0,0,0,0,0,0,0,0,0,0,0,0,18158,23431
Dr. Sudhir Chandra Sur Degree Engineering College,Electrical Engineering,64102,73146,0,0,0,0,0,0,0,0,0,0,0,0,0,0,0,0,0,0,0,0
Dr. Sudhir Chandra Sur Degree Engineering College,Electronics & Communication Engineering/Electronics & Telecommunication Engineering,27260,79117,0,0,0,0,0,0,0,0,0,0,0,0,0,0,0,0,0,0,0,0
Dr. Sudhir Chandra Sur Degree Engineering College,Electronics & Communication Engineering/Electronics & Telecommunication Engineering (Tfw),0,0,0,0,0,0,0,0,0,0,0,0,0,0,0,0,0,0,0,0,26880,31331
Dr. Sudhir Chandra Sur Degree Engineering College,Mechanical Engineering,12303,12303,0,0,0,0,0,0,0,0,0,0,0,0,0,0,0,0,0,0,0,0
Dream Institute Of Technology,Computer Science & Engineering/ Computer Science & Technology,33898,59139,0,0,0,0,0,0,0,0,0,0,0,0,0,0,0,0,0,0,0,0
Dream Institute Of Technology,Computer Science & Engineering/Computer Science & Technology (Tfw),0,0,0,0,0,0,0,0,0,0,0,0,0,0,0,0,0,0,0,0,23679,35427
Dumkal Institute Of Engineering and Technology,Computer Science & Engineering/ Computer Science & Technology,51029,51029,0,0,0,0,0,0,0,0,0,0,0,0,0,0,0,0,0,0,0,0
Dumkal Institute Of Engineering and Technology,Computer Science & Engineering/Computer Science & Technology (Tfw),0,0,0,0,0,0,0,0,0,0,0,0,0,0,0,0,0,0,0,0,27465,37402
Dumkal Institute Of Engineering and Technology,Electronics & Communication Engineering/Electronics & Telecommunication Engineering (Tfw),0,0,0,0,0,0,0,0,0,0,0,0,0,0,0,0,0,0,0,0,35221,42526
Durgapur Institute Of Advanced Technology and Management,Chemical Engineering,14180,79323,0,0,0,0,0,0,0,0,0,0,0,0,0,0,0,0,0,0,0,0
Durgapur Institute Of Advanced Technology and Management,Computer Science & Engineering/ Computer Science & Technology,1745,78049,0,0,0,0,0,0,0,0,0,0,0,0,0,0,0,0,0,0,0,0
Durgapur Institute Of Advanced Technology and Management,Computer Science & Engineering/Computer Science & Technology (Tfw),0,0,0,0,0,0,0,0,0,0,0,0,0,0,0,0,0,0,0,0,23938,33792
Durgapur Institute Of Advanced Technology and Management,Electrical Engineering,29250,63807,0,0,0,0,0,0,0,0,0,0,0,0,0,0,0,0,0,0,0,0
Durgapur Institute Of Advanced Technology and Management,Electronics & Communication Engineering/Electronics & Telecommunication Engineering,26975,61156,0,0,0,0,0,0,0,0,0,0,0,0,0,0,0,0,0,0,0,0
Durgapur Institute Of Advanced Technology and Management,Information Technology,12531,77441,0,0,0,0,0,0,0,0,0,0,0,0,0,0,0,0,0,0,0,0
Durgapur Institute Of Advanced Technology and Management,Mechanical Engineering,36025,75579,0,0,0,0,0,0,0,0,0,0,0,0,0,0,0,0,0,0,0,0
Elitte College Of Engineering,Computer Science & Engineering/ Computer Science & Technology,19996,77562,0,0,0,0,0,0,0,0,0,0,0,0,0,0,0,0,0,0,0,0
Elitte College Of Engineering,Electrical Engineering,51618,51618,0,0,0,0,0,0,0,0,0,0,0,0,0,0,0,0,0,0,0,0
Eminent College Of Pharmaceutical Technology,B.Pharm/Pharmaceutical Technology,23684,59936,0,0,0,0,0,0,0,0,0,0,0,0,0,0,0,0,0,0,0,0
Eminent College Of Pharmaceutical Technology,B.Pharm/Pharmaceutical Technology (Tfw),0,0,0,0,0,0,0,0,0,0,0,0,0,0,0,0,0,0,0,0,13741,16933
Future Institute Of Engineering and Management,Applied Electronics & Instrumentation Engineering/ Electronics & Instrumentation Engineering,37659,78872,0,0,0,0,0,0,0,0,0,0,0,0,0,0,0,0,0,0,0,0
Future Institute Of Engineering and Management,Applied Electronics & Instrumentation Engineering/ Electronics & Instrumentation Engineering (Tfw),0,0,0,0,0,0,0,0,0,0,0,0,0,0,0,0,0,0,0,0,28247,39770
Future Institute Of Engineering and Management,Computer Science & Engineering/ Computer Science & Technology,4504,26611,0,0,0,0,0,0,0,0,0,0,0,0,0,0,0,0,0,0,0,0
Future Institute Of Engineering and Management,Computer Science & Engineering/Computer Science & Technology (Tfw),0,0,0,0,0,0,0,0,0,0,0,0,0,0,0,0,0,0,0,0,9776,11931
Future Institute Of Engineering and Management,Electrical Engineering,33894,77629,0,0,0,0,0,0,0,0,0,0,0,0,0,0,0,0,0,0,0,0
Future Institute Of Engineering and Management,Electrical Engineering (Tfw),0,0,0,0,0,0,0,0,0,0,0,0,0,0,0,0,0,0,0,0,16808,25648
Future Institute Of Engineering and Management,Electronics & Communication Engineering/Electronics & Telecommunication Engineering,11954,57875,0,0,0,0,0,0,0,0,0,0,0,0,0,0,0,0,0,0,0,0
Future Institute Of Engineering and Management,Electronics & Communication Engineering/Electronics & Telecommunication Engineering (Tfw),0,0,0,0,0,0,0,0,0,0,0,0,0,0,0,0,0,0,0,0,13290,20613
Future Institute Of Engineering and Management,Information Technology,23102,34833,0,0,0,0,0,0,0,0,0,0,0,0,0,0,0,0,0,0,0,0
Future Institute Of Engineering and Management,Information Technology (Tfw),0,0,0,0,0,0,0,0,0,0,0,0,0,0,0,0,0,0,0,0,13475,15170
Future Institute Of Engineering and Management,Mechanical Engineering,31427,76261,0,0,0,0,0,0,0,0,0,0,0,0,0,0,0,0,0,0,0,0
Future Institute Of Engineering and Management,Mechanical Engineering (Tfw),0,0,0,0,0,0,0,0,0,0,0,0,0,0,0,0,0,0,0,0,26093,32326
Future Institute Of Technology,Civil Engineering,74681,74681,0,0,0,0,0,0,0,0,0,0,0,0,0,0,0,0,0,0,0,0
Future Institute Of Technology,Computer Science & Engineering/ Computer Science & Technology,12616,38298,0,0,0,0,0,0,0,0,0,0,0,0,0,0,0,0,0,0,0,0
Future Institute Of Technology,Computer Science & Engineering/Computer Science & Technology (Tfw),0,0,0,0,0,0,0,0,0,0,0,0,0,0,0,0,0,0,0,0,12047,13502
Future Institute Of Technology,Electrical Engineering,16371,79449,0,0,0,0,0,0,0,0,0,0,0,0,0,0,0,0,0,0,0,0
Future Institute Of Technology,Electronics & Communication Engineering/Electronics & Telecommunication Engineering,28462,77983,0,0,0,0,0,0,0,0,0,0,0,0,0,0,0,0,0,0,0,0
Future Institute Of Technology,Electronics & Communication Engineering/Electronics & Telecommunication Engineering (Tfw),0,0,0,0,0,0,0,0,0,0,0,0,0,0,0,0,0,0,0,0,15449,21502
Future Institute Of Technology,Mechanical Engineering,61302,61302,0,0,0,0,0,0,0,0,0,0,0,0,0,0,0,0,0,0,0,0
Gargi Memorial Institute Of Technology,Computer Science & Engineering/ Computer Science & Technology,15321,58925,0,0,0,0,0,0,0,0,0,0,0,0,0,0,0,0,0,0,0,0
Gargi Memorial Institute Of Technology,Computer Science & Engineering/Computer Science & Technology (Tfw),0,0,0,0,0,0,0,0,0,0,0,0,0,0,0,0,0,0,0,0,11921,25587
Gargi Memorial Institute Of Technology,Electrical Engineering (Tfw),0,0,0,0,0,0,0,0,0,0,0,0,0,0,0,0,0,0,0,0,32493,33484
Gargi Memorial Institute Of Technology,Electronics & Communication Engineering/Electronics & Telecommunication Engineering (Tfw),0,0,0,0,0,0,0,0,0,0,0,0,0,0,0,0,0,0,0,0,36063,39560
Gargi Memorial Institute Of Technology,Mechanical Engineering (Tfw),0,0,0,0,0,0,0,0,0,0,0,0,0,0,0,0,0,0,0,0,29613,39989
Global College Of Pharmaceutical Technology,B.Pharm/Pharmaceutical Technology,33045,57353,0,0,64021,77825,0,0,0,0,0,0,57552,61928,0,0,58341,60501,0,0,0,0
Global College Of Pharmaceutical Technology,B.Pharm/Pharmaceutical Technology (Tfw),0,0,0,0,0,0,0,0,0,0,0,0,0,0,0,0,0,0,0,0,6492,16115
Global Institute Of Management and Technology,Computer Science & Engineering/ Computer Science & Technology,37625,63356,0,0,0,0,0,0,0,0,0,0,0,0,0,0,0,0,0,0,0,0
Global Institute Of Management and Technology,Electronics & Communication Engineering/Electronics & Telecommunication Engineering,11854,11854,0,0,0,0,0,0,0,0,0,0,0,0,0,0,0,0,0,0,0,0
Greater Kolkata College Of Engineering and Management,Civil Engineering,20632,20632,0,0,0,0,0,0,0,0,0,0,0,0,0,0,0,0,0,0,0,0
Greater Kolkata College Of Engineering and Management,Computer Science & Engineering/ Computer Science & Technology,12157,78914,0,0,0,0,0,0,0,0,0,0,0,0,0,0,0,0,0,0,0,0
Greater Kolkata College Of Engineering and Management,Electrical Engineering,29639,51189,0,0,0,0,0,0,0,0,0,0,0,0,0,0,0,0,0,0,0,0
Greater Kolkata College Of Engineering and Management,Electronics & Communication Engineering/Electronics & Telecommunication Engineering,69210,69210,0,0,0,0,0,0,0,0,0,0,0,0,0,0,0,0,0,0,0,0
Gupta College Of Technological Sciences,B.Pharm/Pharmaceutical Technology,4200,40587,0,0,42394,75218,0,0,0,0,0,0,0,0,0,0,0,0,0,0,0,0
Gupta College Of Technological Sciences,B.Pharm/Pharmaceutical Technology (Tfw),0,0,0,0,0,0,0,0,0,0,0,0,0,0,0,0,0,0,0,0,8629,12466
Guru Nanak Institute Of Pharmaceutical Science and Technology,B.Pharm/Pharmaceutical Technology,1746,22519,0,0,0,0,0,0,0,0,0,0,0,0,0,0,0,0,0,0,0,0
Guru Nanak Institute Of Pharmaceutical Science and Technology,B.Pharm/Pharmaceutical Technology (Tfw),0,0,0,0,0,0,0,0,0,0,0,0,0,0,0,0,0,0,0,0,2585,7225
Guru Nanak Institute Of Technology,Applied Electronics & Instrumentation Engineering/ Electronics & Instrumentation Engineering,60072,77012,0,0,0,0,0,0,0,0,0,0,0,0,0,0,0,0,0,0,0,0
Guru Nanak Institute Of Technology,Applied Electronics & Instrumentation Engineering/ Electronics & Instrumentation Engineering (Tfw),0,0,0,0,0,0,0,0,0,0,0,0,0,0,0,0,0,0,0,0,22365,34823
Guru Nanak Institute Of Technology,Computer Science & Engineering/ Computer Science & Technology,11911,39069,0,0,0,0,0,0,0,0,0,0,0,0,0,0,0,0,0,0,0,0
Guru Nanak Institute Of Technology,Computer Science & Engineering/Computer Science & Technology (Tfw),0,0,0,0,0,0,0,0,0,0,0,0,0,0,0,0,0,0,0,0,15812,19354
Guru Nanak Institute Of Technology,Electrical Engineering,52924,77039,0,0,0,0,0,0,0,0,0,0,0,0,0,0,0,0,0,0,0,0
Guru Nanak Institute Of Technology,Electrical Engineering (Tfw),0,0,0,0,0,0,0,0,0,0,0,0,0,0,0,0,0,0,0,0,24325,31248
Guru Nanak Institute Of Technology,Electronics & Communication Engineering/Electronics & Telecommunication Engineering,28914,80320,0,0,0,0,0,0,0,0,0,0,0,0,0,0,0,0,0,0,0,0
Guru Nanak Institute Of Technology,Electronics & Communication Engineering/Electronics & Telecommunication Engineering (Tfw),0,0,0,0,0,0,0,0,0,0,0,0,0,0,0,0,0,0,0,0,16675,24916
Guru Nanak Institute Of Technology,Food Technology,26421,80129,0,0,0,0,0,0,0,0,0,0,0,0,0,0,0,0,0,0,0,0
Guru Nanak Institute Of Technology,Food Technology (Tfw),0,0,0,0,0,0,0,0,0,0,0,0,0,0,0,0,0,0,0,0,14973,23515
Guru Nanak Institute Of Technology,Information Technology,25967,53939,0,0,0,0,0,0,0,0,0,0,0,0,0,0,0,0,0,0,0,0
Guru Nanak Institute Of Technology,Information Technology (Tfw),0,0,0,0,0,0,0,0,0,0,0,0,0,0,0,0,0,0,0,0,22328,23619
Haldia Institute Of Technology,Applied Electronics & Instrumentation Engineering/ Electronics & Instrumentation Engineering,9247,34804,0,0,43580,76071,0,0,52716,52716,0,0,0,0,0,0,0,0,0,0,0,0
Haldia Institute Of Technology,Applied Electronics & Instrumentation Engineering/ Electronics & Instrumentation Engineering (Tfw),0,0,0,0,0,0,0,0,0,0,0,0,0,0,0,0,0,0,0,0,14052,24970
Haldia Institute Of Technology,Biotechnology,18477,51180,0,0,51764,77198,0,0,0,0,0,0,0,0,0,0,0,0,0,0,0,0
Haldia Institute Of Technology,Biotechnology (Tfw),0,0,0,0,0,0,0,0,0,0,0,0,0,0,0,0,0,0,0,0,16676,25711
Haldia Institute Of Technology,Chemical Engineering,4935,27710,0,0,33254,67526,0,0,0,0,0,0,0,0,0,0,0,0,0,0,0,0
Haldia Institute Of Technology,Chemical Engineering (Tfw),0,0,0,0,0,0,0,0,0,0,0,0,0,0,0,0,0,0,0,0,16393,22248
Haldia Institute Of Technology,Civil Engineering,12526,34111,0,0,38900,79596,0,0,0,0,0,0,0,0,0,0,0,0,0,0,0,0
Haldia Institute Of Technology,Civil Engineering (Tfw),0,0,0,0,0,0,0,0,0,0,0,0,0,0,0,0,0,0,0,0,16651,23204
Haldia Institute Of Technology,Computer Science & Engineering/ Computer Science & Technology,3294,7931,0,0,13947,36080,0,0,64325,78712,0,0,0,0,0,0,0,0,0,0,0,0
Haldia Institute Of Technology,Computer Science & Engineering/Computer Science & Technology (Tfw),0,0,0,0,0,0,0,0,0,0,0,0,0,0,0,0,0,0,0,0,6679,9253
Haldia Institute Of Technology,Electrical Engineering,9296,18912,0,0,25789,80138,0,0,67204,67204,0,0,0,0,0,0,0,0,0,0,0,0
Haldia Institute Of Technology,Electrical Engineering (Tfw),0,0,0,0,0,0,0,0,0,0,0,0,0,0,0,0,0,0,0,0,6893,14116
Haldia Institute Of Technology,Electronics & Communication Engineering/Electronics & Telecommunication Engineering,4995,11328,0,0,22718,78786,0,0,0,0,0,0,0,0,0,0,0,0,0,0,0,0
Haldia Institute Of Technology,Electronics & Communication Engineering/Electronics & Telecommunication Engineering (Tfw),0,0,0,0,0,0,0,0,0,0,0,0,0,0,0,0,0,0,0,0,4353,13089
Haldia Institute Of Technology,Food Technology,18556,50572,0,0,54265,76023,0,0,0,0,0,0,0,0,0,0,0,0,0,0,0,0
Haldia Institute Of Technology,Food Technology (Tfw),0,0,0,0,0,0,0,0,0,0,0,0,0,0,0,0,0,0,0,0,16764,22197
Haldia Institute Of Technology,Information Technology,5781,8531,0,0,37830,61126,0,0,0,0,0,0,0,0,0,0,0,0,0,0,0,0
Haldia Institute Of Technology,Information Technology (Tfw),0,0,0,0,0,0,0,0,0,0,0,0,0,0,0,0,0,0,0,0,9310,9734
Haldia Institute Of Technology,Instrumentation And Control Engineering,26127,78765,0,0,0,0,0,0,0,0,0,0,0,0,0,0,0,0,0,0,0,0
Haldia Institute Of Technology,Instrumentation And Control Engineering (Tfw),0,0,0,0,0,0,0,0,0,0,0,0,0,0,0,0,0,0,0,0,28434,36047
Haldia Institute Of Technology,Mechanical Engineering,9605,32355,0,0,46593,72463,0,0,0,0,0,0,0,0,0,0,0,0,0,0,0,0
Haldia Institute Of Technology,Mechanical Engineering (Tfw),0,0,0,0,0,0,0,0,0,0,0,0,0,0,0,0,0,0,0,0,9153,19858
Hemnalini Memorial College Of Engineering,Computer Science & Engineering/ Computer Science & Technology,77748,77748,0,0,0,0,0,0,0,0,0,0,0,0,0,0,0,0,0,0,0,0
Hemnalini Memorial College Of Engineering,Food Technology,31149,42189,0,0,0,0,0,0,0,0,0,0,0,0,0,0,0,0,0,0,0,0
Hemnalini Memorial College Of Engineering,Mechanical Engineering,60433,60433,0,0,0,0,0,0,0,0,0,0,0,0,0,0,0,0,0,0,0,0
Heritage Institute Of Technology,Applied Electronics & Instrumentation Engineering/ Electronics & Instrumentation Engineering,4427,9695,0,0,15403,15403,0,0,0,0,0,0,0,0,0,0,0,0,0,0,0,0
Heritage Institute Of Technology,Applied Electronics & Instrumentation Engineering/ Electronics & Instrumentation Engineering (Tfw),0,0,0,0,0,0,0,0,0,0,0,0,0,0,0,0,0,0,0,0,5404,7323
Heritage Institute Of Technology,Biotechnology,6811,16692,0,0,27759,27759,0,0,0,0,0,0,0,0,0,0,0,0,0,0,0,0
Heritage Institute Of Technology,Biotechnology (Tfw),0,0,0,0,0,0,0,0,0,0,0,0,0,0,0,0,0,0,0,0,7218,10847
Heritage Institute Of Technology,Chemical Engineering,991,12972,0,0,16136,16136,0,0,0,0,0,0,0,0,0,0,0,0,0,0,0,0
Heritage Institute Of Technology,Chemical Engineering (Tfw),0,0,0,0,0,0,0,0,0,0,0,0,0,0,0,0,0,0,0,0,4577,7402
Heritage Institute Of Technology,Civil Engineering,1294,14319,0,0,16918,16918,0,0,0,0,0,0,0,0,0,0,0,0,0,0,0,0
Heritage Institute Of Technology,Civil Engineering (Tfw),0,0,0,0,0,0,0,0,0,0,0,0,0,0,0,0,0,0,0,0,6981,11860
Heritage Institute Of Technology,Computer Science & Engineering/ Computer Science & Technology,608,3434,0,0,6740,6740,0,0,34878,34878,0,0,0,0,0,0,0,0,0,0,0,0
Heritage Institute Of Technology,Computer Science & Engineering/Computer Science & Technology (Tfw),0,0,0,0,0,0,0,0,0,0,0,0,0,0,0,0,0,0,0,0,1095,3214
Heritage Institute Of Technology,Electrical Engineering,2078,7325,0,0,11133,11133,0,0,59751,59751,0,0,0,0,0,0,0,0,0,0,0,0
Heritage Institute Of Technology,Electrical Engineering (Tfw),0,0,0,0,0,0,0,0,0,0,0,0,0,0,0,0,0,0,0,0,5314,6528
Heritage Institute Of Technology,Electronics & Communication Engineering/Electronics & Telecommunication Engineering,1699,5735,0,0,10548,10548,0,0,41786,41786,0,0,0,0,0,0,0,0,0,0,0,0
Heritage Institute Of Technology,Electronics & Communication Engineering/Electronics & Telecommunication Engineering (Tfw),0,0,0,0,0,0,0,0,0,0,0,0,0,0,0,0,0,0,0,0,3982,5607
Heritage Institute Of Technology,Information Technology,3436,4254,0,0,6894,6894,0,0,40283,40283,0,0,0,0,0,0,0,0,0,0,0,0
Heritage Institute Of Technology,Information Technology (Tfw),0,0,0,0,0,0,0,0,0,0,0,0,0,0,0,0,0,0,0,0,3497,3635
Heritage Institute Of Technology,Mechanical Engineering,1267,11006,0,0,13076,13076,0,0,70531,70531,0,0,0,0,0,0,0,0,0,0,0,0
Heritage Institute Of Technology,Mechanical Engineering (Tfw),0,0,0,0,0,0,0,0,0,0,0,0,0,0,0,0,0,0,0,0,7330,9762
Hooghly Engineering and Technology College,Civil Engineering,11545,77641,0,0,0,0,0,0,0,0,0,0,0,0,0,0,0,0,0,0,0,0
Hooghly Engineering and Technology College,Civil Engineering (Tfw),0,0,0,0,0,0,0,0,0,0,0,0,0,0,0,0,0,0,0,0,16768,35781
Hooghly Engineering and Technology College,Computer Science & Engineering/ Computer Science & Technology,6504,54780,0,0,0,0,0,0,0,0,0,0,0,0,0,0,0,0,0,0,0,0
Hooghly Engineering and Technology College,Computer Science & Engineering/Computer Science & Technology (Tfw),0,0,0,0,0,0,0,0,0,0,0,0,0,0,0,0,0,0,0,0,20468,22189
Hooghly Engineering and Technology College,Electrical Engineering,17015,77147,0,0,0,0,0,0,0,0,0,0,0,0,0,0,0,0,0,0,0,0
Hooghly Engineering and Technology College,Electrical Engineering (Tfw),0,0,0,0,0,0,0,0,0,0,0,0,0,0,0,0,0,0,0,0,9245,28646
Hooghly Engineering and Technology College,Electronics & Communication Engineering/Electronics & Telecommunication Engineering,15985,78922,0,0,0,0,0,0,0,0,0,0,0,0,0,0,0,0,0,0,0,0
Hooghly Engineering and Technology College,Electronics & Communication Engineering/Electronics & Telecommunication Engineering (Tfw),0,0,0,0,0,0,0,0,0,0,0,0,0,0,0,0,0,0,0,0,23463,27493
Hooghly Engineering and Technology College,Mechanical Engineering,24194,74040,0,0,0,0,0,0,0,0,0,0,0,0,0,0,0,0,0,0,0,0
Hooghly Engineering and Technology College,Mechanical Engineering (Tfw),0,0,0,0,0,0,0,0,0,0,0,0,0,0,0,0,0,0,0,0,19483,34225
Ideal Institute Of Engineering,Civil Engineering,21592,21592,0,0,0,0,0,0,0,0,0,0,0,0,0,0,0,0,0,0,0,0
Ideal Institute Of Engineering,Computer Science & Engineering/ Computer Science & Technology,28858,78792,0,0,0,0,0,0,0,0,0,0,0,0,0,0,0,0,0,0,0,0
Ideal Institute Of Engineering,Mechanical Engineering,78241,78241,0,0,0,0,0,0,0,0,0,0,0,0,0,0,0,0,0,0,0,0
IMPS College Of Engineering and Technology,Civil Engineering,52633,76678,0,0,0,0,0,0,0,0,0,0,0,0,0,0,0,0,0,0,0,0
IMPS College Of Engineering and Technology,Civil Engineering (Tfw),0,0,0,0,0,0,0,0,0,0,0,0,0,0,0,0,0,0,0,0,22390,38895
IMPS College Of Engineering and Technology,Computer Science & Engineering/ Computer Science & Technology,39992,79882,0,0,0,0,0,0,0,0,0,0,0,0,0,0,0,0,0,0,0,0
IMPS College Of Engineering and Technology,Computer Science & Engineering/Computer Science & Technology (Tfw),0,0,0,0,0,0,0,0,0,0,0,0,0,0,0,0,0,0,0,0,36942,38477
IMPS College Of Engineering and Technology,Electrical Engineering (Tfw),0,0,0,0,0,0,0,0,0,0,0,0,0,0,0,0,0,0,0,0,39415,42818
IMPS College Of Engineering and Technology,Electronics & Communication Engineering/Electronics & Telecommunication Engineering,10786,51829,0,0,0,0,0,0,0,0,0,0,0,0,0,0,0,0,0,0,0,0
Institute Of Engineering and Management,Computer Science & Engineering/ Computer Science & Technology,473,1780,0,0,0,0,0,0,0,0,0,0,0,0,0,0,0,0,0,0,0,0
Institute Of Engineering and Management,Computer Science & Engineering/Computer Science & Technology (Tfw),0,0,0,0,0,0,0,0,0,0,0,0,0,0,0,0,0,0,0,0,576,1539
Institute Of Engineering and Management,Electrical & Electronics Engineering,1868,5632,0,0,0,0,0,0,0,0,0,0,0,0,0,0,0,0,0,0,0,0
Institute Of Engineering and Management,Electrical & Electronics Engineering (Tfw),0,0,0,0,0,0,0,0,0,0,0,0,0,0,0,0,0,0,0,0,4000,4854
Institute Of Engineering and Management,Electrical Engineering,845,6868,0,0,0,0,0,0,0,0,0,0,0,0,0,0,0,0,0,0,0,0
Institute Of Engineering and Management,Electrical Engineering (Tfw),0,0,0,0,0,0,0,0,0,0,0,0,0,0,0,0,0,0,0,0,3654,5647
Institute Of Engineering and Management,Electronics & Communication Engineering/Electronics & Telecommunication Engineering,1206,3974,0,0,0,0,0,0,0,0,0,0,0,0,0,0,0,0,0,0,0,0
Institute Of Engineering and Management,Electronics & Communication Engineering/Electronics & Telecommunication Engineering (Tfw),0,0,0,0,0,0,0,0,0,0,0,0,0,0,0,0,0,0,0,0,1809,3527
Institute Of Engineering and Management,Information Technology,1785,3169,0,0,0,0,0,0,0,0,0,0,0,0,0,0,0,0,0,0,0,0
Institute Of Engineering and Management,Information Technology (Tfw),0,0,0,0,0,0,0,0,0,0,0,0,0,0,0,0,0,0,0,0,2620,3755
Institute Of Engineering and Management,Mechanical Engineering,746,7254,0,0,0,0,0,0,0,0,0,0,0,0,0,0,0,0,0,0,0,0
Institute Of Engineering and Management,Mechanical Engineering (Tfw),0,0,0,0,0,0,0,0,0,0,0,0,0,0,0,0,0,0,0,0,4729,6207
Institute of Science and Technology,Applied Electronics & Instrumentation Engineering/ Electronics & Instrumentation Engineering,14697,76715,0,0,0,0,0,0,0,0,0,0,0,0,0,0,0,0,0,0,0,0
Institute of Science and Technology,Civil Engineering,15601,75060,0,0,0,0,0,0,0,0,0,0,0,0,0,0,0,0,0,0,0,0
Institute of Science and Technology,Civil Engineering (Tfw),0,0,0,0,0,0,0,0,0,0,0,0,0,0,0,0,0,0,0,0,15102,40848
Institute of Science and Technology,Computer Science & Engineering/ Computer Science & Technology,2577,35497,0,0,0,0,0,0,0,0,0,0,0,0,0,0,36711,72774,0,0,0,0
Institute of Science and Technology,Computer Science & Engineering/Computer Science & Technology (Tfw),0,0,0,0,0,0,0,0,0,0,0,0,0,0,0,0,0,0,0,0,12181,17639
Institute of Science and Technology,Electrical & Electronics Engineering,25109,55149,0,0,0,0,0,0,0,0,0,0,0,0,0,0,0,0,0,0,0,0
Institute of Science and Technology,Electrical & Electronics Engineering (Tfw),0,0,0,0,0,0,0,0,0,0,0,0,0,0,0,0,0,0,0,0,3342,32786
Institute of Science and Technology,Electrical Engineering,24738,43943,0,0,0,0,0,0,0,0,0,0,0,0,0,0,0,0,0,0,0,0
Institute of Science and Technology,Electrical Engineering (Tfw),0,0,0,0,0,0,0,0,0,0,0,0,0,0,0,0,0,0,0,0,22751,36412
Institute of Science and Technology,Electronics & Communication Engineering/Electronics & Telecommunication Engineering,6846,46566,0,0,0,0,0,0,0,0,0,0,0,0,0,0,0,0,0,0,0,0
Institute of Science and Technology,Information Technology,11305,69419,0,0,0,0,0,0,0,0,0,0,0,0,0,0,0,0,0,0,0,0
Institute of Science and Technology,Mechanical Engineering,12297,18697,0,0,0,0,0,0,0,0,0,0,0,0,0,0,0,0,0,0,0,0
Institute of Science and Technology,Mechanical Engineering (Tfw),0,0,0,0,0,0,0,0,0,0,0,0,0,0,0,0,0,0,0,0,16741,41948
JIS College Of Engineering,Biomedical Engineering,24274,77729,0,0,0,0,0,0,0,0,0,0,0,0,0,0,0,0,0,0,0,0
JIS College Of Engineering,Biomedical Engineering (Tfw),0,0,0,0,0,0,0,0,0,0,0,0,0,0,0,0,0,0,0,0,22828,25938
JIS College Of Engineering,Civil Engineering,32622,66330,0,0,0,0,0,0,0,0,0,0,0,0,0,0,0,0,0,0,0,0
JIS College Of Engineering,Computer Science & Engineering/ Computer Science & Technology,14872,44927,0,0,0,0,0,0,0,0,0,0,0,0,0,0,0,0,0,0,0,0
JIS College Of Engineering,Computer Science & Engineering/Computer Science & Technology (Tfw),0,0,0,0,0,0,0,0,0,0,0,0,0,0,0,0,0,0,0,0,11318,20373
JIS College Of Engineering,Electrical Engineering,25497,79716,0,0,0,0,0,0,0,0,0,0,0,0,0,0,0,0,0,0,0,0
JIS College Of Engineering,Electrical Engineering (Tfw),0,0,0,0,0,0,0,0,0,0,0,0,0,0,0,0,0,0,0,0,25384,34122
JIS College Of Engineering,Electronics & Communication Engineering/Electronics & Telecommunication Engineering,15958,79799,0,0,0,0,0,0,0,0,0,0,0,0,0,0,0,0,0,0,0,0
JIS College Of Engineering,Electronics & Communication Engineering/Electronics & Telecommunication Engineering (Tfw),0,0,0,0,0,0,0,0,0,0,0,0,0,0,0,0,0,0,0,0,26735,30292
JIS College Of Engineering,Information Technology,37548,80388,0,0,0,0,0,0,0,0,0,0,0,0,0,0,0,0,0,0,0,0
JIS College Of Engineering,Information Technology (Tfw),0,0,0,0,0,0,0,0,0,0,0,0,0,0,0,0,0,0,0,0,23723,24945
JIS College Of Engineering,Mechanical Engineering,37457,78659,0,0,0,0,0,0,0,0,0,0,0,0,0,0,0,0,0,0,0,0
JIS College Of Engineering,Mechanical Engineering (Tfw),0,0,0,0,0,0,0,0,0,0,0,0,0,0,0,0,0,0,0,0,15956,37568
JIS University,B.Pharm/Pharmaceutical Technology,14847,50452,0,0,0,0,0,0,0,0,0,0,0,0,0,0,0,0,0,0,0,0
JIS University,Computer Science & Engineering/ Computer Science & Technology,14021,79384,0,0,0,0,0,0,0,0,0,0,0,0,0,0,0,0,0,0,0,0
Kanad Institute Of Engineering and Management,Civil Engineering,6828,75453,0,0,0,0,0,0,0,0,0,0,0,0,0,0,0,0,0,0,0,0
Kanad Institute Of Engineering and Management,Computer Science & Engineering/ Computer Science & Technology,57472,57472,0,0,0,0,0,0,0,0,0,0,0,0,0,0,0,0,0,0,0,0
Mallabhum Institute of Technology,Civil Engineering,65469,65469,0,0,0,0,0,0,0,0,0,0,0,0,0,0,0,0,0,0,0,0
Mallabhum Institute of Technology,Computer Science & Engineering/ Computer Science & Technology,14582,75581,0,0,0,0,0,0,0,0,0,0,0,0,0,0,0,0,0,0,0,0
Mallabhum Institute of Technology,Electrical Engineering,68601,68601,0,0,0,0,0,0,0,0,0,0,0,0,0,0,0,0,0,0,0,0
Mallabhum Institute of Technology,Electronics & Communication Engineering/Electronics & Telecommunication Engineering,20761,58200,0,0,0,0,0,0,0,0,0,0,0,0,0,0,0,0,0,0,0,0
Mallabhum Institute of Technology,Mechanical Engineering,11359,61720,0,0,0,0,0,0,0,0,0,0,0,0,0,0,0,0,0,0,0,0
MCKV Institute of Engineering,Automobile Engineering,37275,80033,0,0,0,0,0,0,0,0,0,0,0,0,0,0,0,0,0,0,0,0
MCKV Institute of Engineering,Automobile Engineering (Tfw),0,0,0,0,0,0,0,0,0,0,0,0,0,0,0,0,0,0,0,0,31385,34491
MCKV Institute of Engineering,Computer Science & Engineering/ Computer Science & Technology,11151,25104,0,0,0,0,0,0,0,0,0,0,0,0,0,0,0,0,0,0,0,0
MCKV Institute of Engineering,Computer Science & Engineering/Computer Science & Technology (Tfw),0,0,0,0,0,0,0,0,0,0,0,0,0,0,0,0,0,0,0,0,12414,13152
MCKV Institute of Engineering,Electrical Engineering,9915,76701,0,0,0,0,0,0,0,0,0,0,0,0,0,0,0,0,0,0,0,0
MCKV Institute of Engineering,Electrical Engineering (Tfw),0,0,0,0,0,0,0,0,0,0,0,0,0,0,0,0,0,0,0,0,23588,26023
MCKV Institute of Engineering,Electronics & Communication Engineering/Electronics & Telecommunication Engineering,25389,50974,0,0,0,0,0,0,0,0,0,0,0,0,0,0,0,0,0,0,0,0
MCKV Institute of Engineering,Electronics & Communication Engineering/Electronics & Telecommunication Engineering (Tfw),0,0,0,0,0,0,0,0,0,0,0,0,0,0,0,0,0,0,0,0,18442,20964
MCKV Institute of Engineering,Information Technology,20680,38826,0,0,0,0,0,0,0,0,0,0,0,0,0,0,0,0,0,0,0,0
MCKV Institute of Engineering,Information Technology (Tfw),0,0,0,0,0,0,0,0,0,0,0,0,0,0,0,0,0,0,0,0,13088,15915
MCKV Institute of Engineering,Mechanical Engineering,27806,78179,0,0,0,0,0,0,0,0,0,0,0,0,0,0,0,0,0,0,0,0
MCKV Institute of Engineering,Mechanical Engineering (Tfw),0,0,0,0,0,0,0,0,0,0,0,0,0,0,0,0,0,0,0,0,23907,28240
Meghnad Saha Institute of Technology,Civil Engineering,10464,78848,0,0,0,0,0,0,0,0,0,0,0,0,0,0,0,0,0,0,0,0
Meghnad Saha Institute of Technology,Civil Engineering (Tfw),0,0,0,0,0,0,0,0,0,0,0,0,0,0,0,0,0,0,0,0,11385,22874
Meghnad Saha Institute of Technology,Computer Science & Engineering/ Computer Science & Technology,6117,13929,0,0,0,0,0,0,0,0,0,0,0,0,0,0,0,0,0,0,0,0
Meghnad Saha Institute of Technology,Computer Science & Engineering/Computer Science & Technology (Tfw),0,0,0,0,0,0,0,0,0,0,0,0,0,0,0,0,0,0,0,0,7394,7921
Meghnad Saha Institute of Technology,Electrical Engineering,13336,70992,0,0,0,0,0,0,0,0,0,0,0,0,0,0,0,0,0,0,0,0
Meghnad Saha Institute of Technology,Electrical Engineering (Tfw),0,0,0,0,0,0,0,0,0,0,0,0,0,0,0,0,0,0,0,0,7932,20629
Meghnad Saha Institute of Technology,Electronics & Communication Engineering/Electronics & Telecommunication Engineering,11131,24589,0,0,0,0,0,0,0,0,0,0,0,0,0,0,0,0,0,0,0,0
Meghnad Saha Institute of Technology,Electronics & Communication Engineering/Electronics & Telecommunication Engineering (Tfw),0,0,0,0,0,0,0,0,0,0,0,0,0,0,0,0,0,0,0,0,9786,13069
Meghnad Saha Institute of Technology,Information Technology,10248,22859,0,0,0,0,0,0,0,0,0,0,0,0,0,0,0,0,0,0,0,0
Meghnad Saha Institute of Technology,Information Technology (Tfw),0,0,0,0,0,0,0,0,0,0,0,0,0,0,0,0,0,0,0,0,8119,12307
Meghnad Saha Institute of Technology,Mechanical Engineering,19958,79275,0,0,0,0,0,0,0,0,0,0,0,0,0,0,0,0,0,0,0,0
Meghnad Saha Institute of Technology,Mechanical Engineering (Tfw),0,0,0,0,0,0,0,0,0,0,0,0,0,0,0,0,0,0,0,0,11208,18176
Modern Institute of Engineering and Technology,Computer Science & Engineering/ Computer Science & Technology,34476,71089,0,0,0,0,0,0,0,0,0,0,0,0,0,0,0,0,0,0,0,0
Modern Institute of Engineering and Technology,Computer Science & Engineering/Computer Science & Technology (Tfw),0,0,0,0,0,0,0,0,0,0,0,0,0,0,0,0,0,0,0,0,33991,37563
Modern Institute of Engineering and Technology,Electrical Engineering,44725,69014,0,0,0,0,0,0,0,0,0,0,0,0,0,0,0,0,0,0,0,0
Modern Institute of Engineering and Technology,Electronics & Communication Engineering/Electronics & Telecommunication Engineering,79463,79463,0,0,0,0,0,0,0,0,0,0,0,0,0,0,0,0,0,0,0,0
Murshidabad College of Engineering and Technology,Civil Engineering,25957,79836,0,0,0,0,0,0,0,0,0,0,0,0,0,0,0,0,0,0,0,0
Murshidabad College of Engineering and Technology,Computer Science & Engineering/ Computer Science & Technology,14394,77135,0,0,0,0,0,0,0,0,0,0,0,0,0,0,0,0,0,0,0,0
Murshidabad College of Engineering and Technology,Computer Science & Engineering/Computer Science & Technology (Tfw),0,0,0,0,0,0,0,0,0,0,0,0,0,0,0,0,0,0,0,0,18991,30332
Murshidabad College of Engineering and Technology,Electrical Engineering,32623,79444,0,0,0,0,0,0,0,0,0,0,0,0,0,0,0,0,0,0,0,0
Murshidabad College of Engineering and Technology,Electrical Engineering (Tfw),0,0,0,0,0,0,0,0,0,0,0,0,0,0,0,0,0,0,0,0,19935,32219
Murshidabad College of Engineering and Technology,Electronics & Communication Engineering/Electronics & Telecommunication Engineering,31400,68349,0,0,0,0,0,0,0,0,0,0,0,0,0,0,0,0,0,0,0,0
Narula Institute of Technology,Applied Electronics & Instrumentation Engineering/ Electronics & Instrumentation Engineering,45329,60577,0,0,0,0,0,0,0,0,0,0,0,0,0,0,0,0,0,0,0,0
Narula Institute of Technology,Applied Electronics & Instrumentation Engineering/ Electronics & Instrumentation Engineering (Tfw),0,0,0,0,0,0,0,0,0,0,0,0,0,0,0,0,0,0,0,0,29651,31651
Narula Institute of Technology,Civil Engineering,22949,64995,0,0,0,0,0,0,0,0,0,0,0,0,0,0,0,0,0,0,0,0
Narula Institute of Technology,Civil Engineering (Tfw),0,0,0,0,0,0,0,0,0,0,0,0,0,0,0,0,0,0,0,0,20092,31221
Narula Institute of Technology,Computer Science & Engineering/ Computer Science & Technology,4235,27287,0,0,0,0,0,0,0,0,0,0,0,0,0,0,0,0,0,0,0,0
Narula Institute of Technology,Computer Science & Engineering/Computer Science & Technology (Tfw),0,0,0,0,0,0,0,0,0,0,0,0,0,0,0,0,0,0,0,0,9973,16194
Narula Institute of Technology,Electrical Engineering,27956,77168,0,0,0,0,0,0,0,0,0,0,0,0,0,0,0,0,0,0,0,0
Narula Institute of Technology,Electrical Engineering (Tfw),0,0,0,0,0,0,0,0,0,0,0,0,0,0,0,0,0,0,0,0,10140,28257
Narula Institute of Technology,Electronics & Communication Engineering/Electronics & Telecommunication Engineering,16018,54873,0,0,0,0,0,0,0,0,0,0,0,0,0,0,0,0,0,0,0,0
Narula Institute of Technology,Electronics & Communication Engineering/Electronics & Telecommunication Engineering (Tfw),0,0,0,0,0,0,0,0,0,0,0,0,0,0,0,0,0,0,0,0,6598,19547
Narula Institute of Technology,Information Technology,21857,37123,0,0,0,0,0,0,0,0,0,0,0,0,0,0,0,0,0,0,0,0
Narula Institute of Technology,Information Technology (Tfw),0,0,0,0,0,0,0,0,0,0,0,0,0,0,0,0,0,0,0,0,16639,19246
Narula Institute of Technology,Mechanical Engineering,44321,77849,0,0,0,0,0,0,0,0,0,0,0,0,0,0,0,0,0,0,0,0
Narula Institute of Technology,Mechanical Engineering (Tfw),0,0,0,0,0,0,0,0,0,0,0,0,0,0,0,0,0,0,0,0,20656,23612
Neotia Institute of Technology Management And Science,Computer Science & Engineering/ Computer Science & Technology,16353,79150,0,0,0,0,0,0,0,0,0,0,0,0,0,0,0,0,0,0,0,0
Neotia Institute of Technology Management And Science,Computer Science & Engineering/Computer Science & Technology (Tfw),0,0,0,0,0,0,0,0,0,0,0,0,0,0,0,0,0,0,0,0,15755,25131
Neotia Institute of Technology Management And Science,Electronics & Communication Engineering/Electronics & Telecommunication Engineering,25114,69178,0,0,0,0,0,0,0,0,0,0,0,0,0,0,0,0,0,0,0,0
Netaji Subhas Engineering College,Applied Electronics & Instrumentation Engineering/ Electronics & Instrumentation Engineering,33129,80272,0,0,0,0,0,0,0,0,0,0,0,0,0,0,0,0,0,0,0,0
Netaji Subhas Engineering College,Applied Electronics & Instrumentation Engineering/ Electronics & Instrumentation Engineering (Tfw),0,0,0,0,0,0,0,0,0,0,0,0,0,0,0,0,0,0,0,0,19108,23060
Netaji Subhas Engineering College,Biomedical Engineering,18003,62784,0,0,0,0,0,0,0,0,0,0,0,0,0,0,0,0,0,0,0,0
Netaji Subhas Engineering College,Biomedical Engineering (Tfw),0,0,0,0,0,0,0,0,0,0,0,0,0,0,0,0,0,0,0,0,13021,17057
Netaji Subhas Engineering College,Civil Engineering,18964,79649,0,0,0,0,0,0,0,0,0,0,0,0,0,0,0,0,0,0,0,0
Netaji Subhas Engineering College,Civil Engineering (Tfw),0,0,0,0,0,0,0,0,0,0,0,0,0,0,0,0,0,0,0,0,21019,28320
Netaji Subhas Engineering College,Computer Science & Engineering/ Computer Science & Technology,5244,11827,0,0,0,0,0,0,0,0,0,0,0,0,0,0,0,0,0,0,0,0
Netaji Subhas Engineering College,Computer Science & Engineering/Computer Science & Technology (Tfw),0,0,0,0,0,0,0,0,0,0,0,0,0,0,0,0,0,0,0,0,4360,9065
Netaji Subhas Engineering College,Electrical Engineering,11804,57270,0,0,0,0,0,0,0,0,0,0,0,0,0,0,0,0,0,0,0,0
Netaji Subhas Engineering College,Electrical Engineering (Tfw),0,0,0,0,0,0,0,0,0,0,0,0,0,0,0,0,0,0,0,0,10672,19879
Netaji Subhas Engineering College,Electronics & Communication Engineering/Electronics & Telecommunication Engineering,8245,23783,0,0,0,0,0,0,0,0,0,0,0,0,0,0,0,0,0,0,0,0
Netaji Subhas Engineering College,Electronics & Communication Engineering/Electronics & Telecommunication Engineering (Tfw),0,0,0,0,0,0,0,0,0,0,0,0,0,0,0,0,0,0,0,0,9383,12824
Netaji Subhas Engineering College,Information Technology,8986,17734,0,0,0,0,0,0,0,0,0,0,0,0,0,0,0,0,0,0,0,0
Netaji Subhas Engineering College,Information Technology (Tfw),0,0,0,0,0,0,0,0,0,0,0,0,0,0,0,0,0,0,0,0,9903,11247
Netaji Subhas Engineering College,Mechanical Engineering,17405,79773,0,0,0,0,0,0,0,0,0,0,0,0,0,0,0,0,0,0,0,0
Netaji Subhas Engineering College,Mechanical Engineering (Tfw),0,0,0,0,0,0,0,0,0,0,0,0,0,0,0,0,0,0,0,0,14826,28096
Netaji Subhash Chandra Bose Institute of Pharmacy,B.Pharm/Pharmaceutical Technology,13630,48591,0,0,0,0,0,0,0,0,0,0,0,0,0,0,0,0,0,0,0,0
Netaji Subhash Chandra Bose Institute of Pharmacy,B.Pharm/Pharmaceutical Technology (Tfw),0,0,0,0,0,0,0,0,0,0,0,0,0,0,0,0,0,0,0,0,5665,10679
"NSHM Knowledge Campus, Durgapur Group Of Institutions",Computer Science & Engineering/ Computer Science & Technology,21347,79388,0,0,0,0,0,0,0,0,0,0,0,0,0,0,0,0,0,0,0,0
"NSHM Knowledge Campus, Durgapur Group Of Institutions",Computer Science & Engineering/Computer Science & Technology (Tfw),0,0,0,0,0,0,0,0,0,0,0,0,0,0,0,0,0,0,0,0,20070,26348
"NSHM Knowledge Campus, Durgapur Group Of Institutions",Electrical Engineering,31553,31553,0,0,0,0,0,0,0,0,0,0,0,0,0,0,0,0,0,0,0,0
"NSHM Knowledge Campus, Durgapur Group Of Institutions",Electronics & Communication Engineering/Electronics & Telecommunication Engineering,42651,42651,0,0,0,0,0,0,0,0,0,0,0,0,0,0,0,0,0,0,0,0
"NSHM Knowledge Campus, Kolkata Group Of Institutions",B.Pharm/Pharmaceutical Technology,3737,20813,0,0,20947,44877,0,0,0,0,0,0,23453,29997,0,0,20815,22141,0,0,0,0
"NSHM Knowledge Campus, Kolkata Group Of Institutions",B.Pharm/Pharmaceutical Technology (Tfw),0,0,0,0,0,0,0,0,0,0,0,0,0,0,0,0,0,0,0,0,5611,6924
Om Dayal Group of Institutions,Architecture,19554,79450,0,0,0,0,0,0,0,0,0,0,0,0,0,0,0,0,0,0,0,0
Om Dayal Group of Institutions,Architecture (Tfw),0,0,0,0,0,0,0,0,0,0,0,0,0,0,0,0,0,0,0,0,12298,27421
Om Dayal Group of Institutions,Computer Science & Engineering/ Computer Science & Technology,50057,72976,0,0,0,0,0,0,0,0,0,0,0,0,0,0,0,0,0,0,0,0
Om Dayal Group of Institutions,Electrical Engineering,46288,60270,0,0,0,0,0,0,0,0,0,0,0,0,0,0,0,0,0,0,0,0
Om Dayal Group of Institutions,Mechanical Engineering,68907,68907,0,0,0,0,0,0,0,0,0,0,0,0,0,0,0,0,0,0,0,0
P. G. Institute of Medical Sciences,B.Pharm/Pharmaceutical Technology,7392,51373,0,0,52606,70371,0,0,71563,72904,0,0,53978,56937,0,0,51436,54972,0,0,0,0
P. G. Institute of Medical Sciences,B.Pharm/Pharmaceutical Technology (Tfw),0,0,0,0,0,0,0,0,0,0,0,0,0,0,0,0,0,0,0,0,14919,17031
Pailan College of Management and Technology,Civil Engineering,72225,72225,0,0,0,0,0,0,0,0,0,0,0,0,0,0,0,0,0,0,0,0
Pailan College of Management and Technology,Computer Science & Engineering/ Computer Science & Technology,22923,73232,0,0,0,0,0,0,0,0,0,0,0,0,0,0,0,0,0,0,0,0
Pailan College of Management and Technology,Computer Science & Engineering/Computer Science & Technology (Tfw),0,0,0,0,0,0,0,0,0,0,0,0,0,0,0,0,0,0,0,0,27486,34791
Pailan College of Management and Technology,Electrical & Electronics Engineering,17255,17255,0,0,0,0,0,0,0,0,0,0,0,0,0,0,0,0,0,0,0,0
RCC Institute Of Information Technology,Applied Electronics & Instrumentation Engineering/ Electronics & Instrumentation Engineering,16559,54955,0,0,58351,75592,0,0,0,0,0,0,0,0,0,0,0,0,0,0,0,0
RCC Institute Of Information Technology,Applied Electronics & Instrumentation Engineering/ Electronics & Instrumentation Engineering (Tfw),0,0,0,0,0,0,0,0,0,0,0,0,0,0,0,0,0,0,0,0,22160,24031
RCC Institute Of Information Technology,Computer Science & Engineering/ Computer Science & Technology,5290,12008,0,0,13695,27665,0,0,74898,77871,0,0,0,0,0,0,0,0,0,0,0,0
RCC Institute Of Information Technology,Computer Science & Engineering/Computer Science & Technology (Tfw),0,0,0,0,0,0,0,0,0,0,0,0,0,0,0,0,0,0,0,0,6146,8038
RCC Institute Of Information Technology,Electrical Engineering,14245,30551,0,0,30955,66363,0,0,0,0,0,0,0,0,0,0,0,0,0,0,0,0
RCC Institute Of Information Technology,Electrical Engineering (Tfw),0,0,0,0,0,0,0,0,0,0,0,0,0,0,0,0,0,0,0,0,14840,15472
RCC Institute Of Information Technology,Electronics & Communication Engineering/Electronics & Telecommunication Engineering,9322,20661,0,0,24469,50674,0,0,0,0,0,0,0,0,0,0,0,0,0,0,0,0
RCC Institute Of Information Technology,Electronics & Communication Engineering/Electronics & Telecommunication Engineering (Tfw),0,0,0,0,0,0,0,0,0,0,0,0,0,0,0,0,0,0,0,0,9912,12031
RCC Institute Of Information Technology,Information Technology,9314,19882,0,0,31468,58944,0,0,0,0,0,0,0,0,0,0,0,0,0,0,0,0
RCC Institute Of Information Technology,Information Technology (Tfw),0,0,0,0,0,0,0,0,0,0,0,0,0,0,0,0,0,0,0,0,8233,10770
Regent Education and Research Foundation,Computer Science & Engineering/ Computer Science & Technology,25044,66313,0,0,0,0,0,0,0,0,0,0,0,0,0,0,0,0,0,0,0,0
Regent Education and Research Foundation,Computer Science & Engineering/Computer Science & Technology (Tfw),0,0,0,0,0,0,0,0,0,0,0,0,0,0,0,0,0,0,0,0,33348,34853
Regent Education and Research Foundation,Electrical Engineering (Tfw),0,0,0,0,0,0,0,0,0,0,0,0,0,0,0,0,0,0,0,0,36613,37088
Regent Education and Research Foundation,Mechanical Engineering,69022,69022,0,0,0,0,0,0,0,0,0,0,0,0,0,0,0,0,0,0,0,0
Regent Education and Research Foundation,Mechanical Engineering (Tfw),0,0,0,0,0,0,0,0,0,0,0,0,0,0,0,0,0,0,0,0,34374,40782
Sanaka Education Trusts Group of Institutions,Architecture,16140,58706,0,0,0,0,0,0,0,0,0,0,0,0,0,0,0,0,0,0,0,0
Sanaka Education Trusts Group of Institutions,Architecture (Tfw),0,0,0,0,0,0,0,0,0,0,0,0,0,0,0,0,0,0,0,0,14198,14198
Sanaka Education Trusts Group of Institutions,B.Pharm/Pharmaceutical Technology,34105,60812,0,0,71649,79118,0,0,0,0,0,0,61764,63023,0,0,62143,62778,0,0,0,0
Sanaka Education Trusts Group of Institutions,B.Pharm/Pharmaceutical Technology (Tfw),0,0,0,0,0,0,0,0,0,0,0,0,0,0,0,0,0,0,0,0,7444,17193
Sanaka Education Trusts Group of Institutions,Computer Science & Engineering/ Computer Science & Technology,17245,68903,0,0,0,0,0,0,0,0,0,0,0,0,0,0,0,0,0,0,0,0
Sanaka Education Trusts Group of Institutions,Computer Science & Engineering/Computer Science & Technology (Tfw),0,0,0,0,0,0,0,0,0,0,0,0,0,0,0,0,0,0,0,0,11906,27844
Sanaka Education Trusts Group of Institutions,Electronics & Communication Engineering/Electronics & Telecommunication Engineering,39775,73085,0,0,0,0,0,0,0,0,0,0,0,0,0,0,0,0,0,0,0,0
Saroj Mohan Institute of Technology,Computer Science & Engineering/ Computer Science & Technology,35784,72315,0,0,0,0,0,0,0,0,0,0,0,0,0,0,0,0,0,0,0,0
Saroj Mohan Institute of Technology,Electronics & Communication Engineering/Electronics & Telecommunication Engineering,39239,39239,0,0,0,0,0,0,0,0,0,0,0,0,0,0,0,0,0,0,0,0
Saroj Mohan Institute of Technology,Information Technology,44543,44543,0,0,0,0,0,0,0,0,0,0,0,0,0,0,0,0,0,0,0,0
"School Of Pharmacy, Techno India University",B.Pharm/Pharmaceutical Technology,9888,44283,0,0,0,0,0,0,0,0,0,0,0,0,0,0,0,0,0,0,0,0
Seacom Engineering College,Civil Engineering,77005,77005,0,0,0,0,0,0,0,0,0,0,0,0,0,0,0,0,0,0,0,0
Seacom Engineering College,Civil Engineering (Tfw),0,0,0,0,0,0,0,0,0,0,0,0,0,0,0,0,0,0,0,0,35964,39723
Seacom Engineering College,Computer Science & Engineering/ Computer Science & Technology,38336,60644,0,0,0,0,0,0,0,0,0,0,0,0,0,0,0,0,0,0,0,0
Seacom Engineering College,Computer Science & Engineering/Computer Science & Technology (Tfw),0,0,0,0,0,0,0,0,0,0,0,0,0,0,0,0,0,0,0,0,27321,35751
Seacom Engineering College,Electrical Engineering (Tfw),0,0,0,0,0,0,0,0,0,0,0,0,0,0,0,0,0,0,0,0,38279,43017
Seacom Engineering College,Information Technology,32225,42278,0,0,0,0,0,0,0,0,0,0,0,0,0,0,0,0,0,0,0,0
Seacom Engineering College,Marine Engineering/Marine Technology,28579,68415,0,0,0,0,0,0,0,0,0,0,0,0,0,0,0,0,0,0,0,0
Seacom Engineering College,Marine Engineering/Marine Technology (Tfw),0,0,0,0,0,0,0,0,0,0,0,0,0,0,0,0,0,0,0,0,13782,13782
Seacom Engineering College,Mechanical Engineering,30074,30074,0,0,0,0,0,0,0,0,0,0,0,0,0,0,0,0,0,0,0,0
Seacom Engineering College,Mechanical Engineering (Tfw),0,0,0,0,0,0,0,0,0,0,0,0,0,0,0,0,0,0,0,0,32990,42208
Siliguri Institute of Technology,Civil Engineering,11026,78971,0,0,0,0,0,0,0,0,0,0,0,0,0,0,0,0,0,0,0,0
Siliguri Institute of Technology,Computer Science & Engineering/ Computer Science & Technology,5751,41551,0,0,0,0,0,0,0,0,0,0,0,0,0,0,0,0,0,0,0,0
Siliguri Institute of Technology,Computer Science & Engineering/Computer Science & Technology (Tfw),0,0,0,0,0,0,0,0,0,0,0,0,0,0,0,0,0,0,0,0,9417,22869
Siliguri Institute of Technology,Electrical Engineering,10760,71743,0,0,0,0,0,0,0,0,0,0,0,0,0,0,0,0,0,0,0,0
Siliguri Institute of Technology,Electronics & Communication Engineering/Electronics & Telecommunication Engineering,12956,79595,0,0,0,0,0,0,0,0,0,0,0,0,0,0,0,0,0,0,0,0
Siliguri Institute of Technology,Electronics & Communication Engineering/Electronics & Telecommunication Engineering (Tfw),0,0,0,0,0,0,0,0,0,0,0,0,0,0,0,0,0,0,0,0,24447,33985
Siliguri Institute of Technology,Information Technology,28198,79918,0,0,0,0,0,0,0,0,0,0,0,0,0,0,0,0,0,0,0,0
Siliguri Institute of Technology,Information Technology (Tfw),0,0,0,0,0,0,0,0,0,0,0,0,0,0,0,0,0,0,0,0,18955,25125
Sister Nivedita University,Computer Science & Engineering/ Computer Science & Technology,18078,77032,0,0,0,0,0,0,0,0,0,0,0,0,0,0,0,0,0,0,0,0
Sister Nivedita University,Computer Science & Engineering/Computer Science & Technology (Tfw),0,0,0,0,0,0,0,0,0,0,0,0,0,0,0,0,0,0,0,0,22235,33230
Sister Nivedita University,Electrical Engineering,25515,73345,0,0,0,0,0,0,0,0,0,0,0,0,0,0,0,0,0,0,0,0
Sister Nivedita University,Electrical Engineering (Tfw),0,0,0,0,0,0,0,0,0,0,0,0,0,0,0,0,0,0,0,0,34798,42384
Sister Nivedita University,Electronics & Communication Engineering/Electronics & Telecommunication Engineering (Tfw),0,0,0,0,0,0,0,0,0,0,0,0,0,0,0,0,0,0,0,0,36313,36549
St. Marys Technical Campus,Computer Science & Engineering/ Computer Science & Technology,38381,80386,0,0,0,0,0,0,0,0,0,0,0,0,0,0,0,0,0,0,0,0
St. Marys Technical Campus,Electronics & Communication Engineering/Electronics & Telecommunication Engineering,54705,79907,0,0,0,0,0,0,0,0,0,0,0,0,0,0,0,0,0,0,0,0
St. Marys Technical Campus,Mechanical Engineering,76905,76905,0,0,0,0,0,0,0,0,0,0,0,0,0,0,0,0,0,0,0,0
St. Thomas College of Engineering and Technology,Computer Science & Engineering/ Computer Science & Technology,4337,8988,0,0,0,0,0,0,0,0,0,0,0,0,0,0,0,0,0,0,0,0
St. Thomas College of Engineering and Technology,Computer Science & Engineering/Computer Science & Technology (Tfw),0,0,0,0,0,0,0,0,0,0,0,0,0,0,0,0,0,0,0,0,3796,5310
St. Thomas College of Engineering and Technology,Electrical Engineering,11788,25287,0,0,0,0,0,0,0,0,0,0,0,0,0,0,0,0,0,0,0,0
St. Thomas College of Engineering and Technology,Electrical Engineering (Tfw),0,0,0,0,0,0,0,0,0,0,0,0,0,0,0,0,0,0,0,0,8143,12362
St. Thomas College of Engineering and Technology,Electronics & Communication Engineering/Electronics & Telecommunication Engineering,4306,14449,0,0,0,0,0,0,0,0,0,0,0,0,0,0,0,0,0,0,0,0
St. Thomas College of Engineering and Technology,Electronics & Communication Engineering/Electronics & Telecommunication Engineering (Tfw),0,0,0,0,0,0,0,0,0,0,0,0,0,0,0,0,0,0,0,0,6553,9758
St. Thomas College of Engineering and Technology,Information Technology,9002,14841,0,0,0,0,0,0,0,0,0,0,0,0,0,0,0,0,0,0,0,0
St. Thomas College of Engineering and Technology,Information Technology (Tfw),0,0,0,0,0,0,0,0,0,0,0,0,0,0,0,0,0,0,0,0,6344,9867
Supreme Knowledge Foundation Group of Institutions,Civil Engineering,58645,79249,0,0,0,0,0,0,0,0,0,0,0,0,0,0,0,0,0,0,0,0
Supreme Knowledge Foundation Group of Institutions,Computer Science & Engineering/ Computer Science & Technology,27785,77400,0,0,0,0,0,0,0,0,0,0,0,0,0,0,0,0,0,0,0,0
Supreme Knowledge Foundation Group of Institutions,Computer Science & Engineering/Computer Science & Technology (Tfw),0,0,0,0,0,0,0,0,0,0,0,0,0,0,0,0,0,0,0,0,24174,26475
Supreme Knowledge Foundation Group of Institutions,Electrical Engineering,46999,77499,0,0,0,0,0,0,0,0,0,0,0,0,0,0,0,0,0,0,0,0
Supreme Knowledge Foundation Group of Institutions,Electronics & Communication Engineering/Electronics & Telecommunication Engineering,53900,63650,0,0,0,0,0,0,0,0,0,0,0,0,0,0,0,0,0,0,0,0
Supreme Knowledge Foundation Group of Institutions,Electronics & Communication Engineering/Electronics & Telecommunication Engineering (Tfw),0,0,0,0,0,0,0,0,0,0,0,0,0,0,0,0,0,0,0,0,36256,36525
Surendra Institute of Engineering and Management,Civil Engineering,47674,77559,0,0,0,0,0,0,0,0,0,0,0,0,0,0,0,0,0,0,0,0
Surendra Institute of Engineering and Management,Computer Science & Engineering/ Computer Science & Technology,37607,76289,0,0,0,0,0,0,0,0,0,0,0,0,0,0,0,0,0,0,0,0
Surendra Institute of Engineering and Management,Electrical Engineering,65637,65637,0,0,0,0,0,0,0,0,0,0,0,0,0,0,0,0,0,0,0,0
Surendra Institute of Engineering and Management,Electronics & Communication Engineering/Electronics & Telecommunication Engineering,34824,34824,0,0,0,0,0,0,0,0,0,0,0,0,0,0,0,0,0,0,0,0
Surendra Institute of Engineering and Management,Mechanical Engineering,70874,70874,0,0,0,0,0,0,0,0,0,0,0,0,0,0,0,0,0,0,0,0
Swami Vivekananda Institute of Science and Technology,Civil Engineering,44053,44053,0,0,0,0,0,0,0,0,0,0,0,0,0,0,0,0,0,0,0,0
Swami Vivekananda Institute of Science and Technology,Computer Science & Engineering/ Computer Science & Technology,23227,63601,0,0,65675,73945,0,0,0,0,0,0,0,0,0,0,0,0,0,0,0,0
Swami Vivekananda Institute of Science and Technology,Computer Science & Engineering/Computer Science & Technology (Tfw),0,0,0,0,0,0,0,0,0,0,0,0,0,0,0,0,0,0,0,0,16544,20536
Swami Vivekananda Institute of Science and Technology,Electrical & Electronics Engineering (Tfw),0,0,0,0,0,0,0,0,0,0,0,0,0,0,0,0,0,0,0,0,25010,34178
Swami Vivekananda Institute of Science and Technology,Electronics & Communication Engineering (Industry Integrated),72952,76205,0,0,0,0,0,0,0,0,0,0,0,0,0,0,0,0,0,0,0,0
Swami Vivekananda Institute of Science and Technology,Electronics & Communication Engineering (Industry Integrated) (Tfw),0,0,0,0,0,0,0,0,0,0,0,0,0,0,0,0,0,0,0,0,20477,33310
Techno Engineering College - Banipur,Computer Science & Engineering/ Computer Science & Technology,12550,80140,0,0,0,0,0,0,0,0,0,0,0,0,0,0,0,0,0,0,0,0
Techno Engineering College - Banipur,Computer Science & Engineering/Computer Science & Technology (Tfw),0,0,0,0,0,0,0,0,0,0,0,0,0,0,0,0,0,0,0,0,20532,23989
Techno Engineering College - Banipur,Electronics & Communication Engineering/Electronics & Telecommunication Engineering,21702,74383,0,0,0,0,0,0,0,0,0,0,0,0,0,0,0,0,0,0,0,0
Techno Engineering College - Banipur,Information Technology,35824,79805,0,0,0,0,0,0,0,0,0,0,0,0,0,0,0,0,0,0,0,0
Techno Engineering College - Banipur,Mechanical Engineering,39341,76962,0,0,0,0,0,0,0,0,0,0,0,0,0,0,0,0,0,0,0,0
Techno India University,Civil Engineering,10712,80262,0,0,0,0,0,0,0,0,0,0,0,0,0,0,0,0,0,0,0,0
Techno India University,Computer Science & Engineering/ Computer Science & Technology,3581,10096,0,0,0,0,0,0,0,0,0,0,0,0,0,0,0,0,0,0,0,0
Techno India University,Electrical Engineering,10473,46643,0,0,0,0,0,0,0,0,0,0,0,0,0,0,0,0,0,0,0,0
Techno India University,Electronics & Communication Engineering/Electronics & Telecommunication Engineering,4497,21226,0,0,0,0,0,0,0,0,0,0,0,0,0,0,0,0,0,0,0,0
Techno India University,Mechanical Engineering,16290,79634,0,0,0,0,0,0,0,0,0,0,0,0,0,0,0,0,0,0,0,0
Techno International - Batanagar,Civil Engineering,28737,76074,0,0,0,0,0,0,0,0,0,0,0,0,0,0,0,0,0,0,0,0
Techno International - Batanagar,Computer Science & Engineering/ Computer Science & Technology,18584,65858,0,0,0,0,0,0,0,0,0,0,0,0,0,0,0,0,0,0,0,0
Techno International - Batanagar,Computer Science & Engineering/Computer Science & Technology (Tfw),0,0,0,0,0,0,0,0,0,0,0,0,0,0,0,0,0,0,0,0,11740,17076
Techno International - Batanagar,Electrical Engineering,32530,76045,0,0,0,0,0,0,0,0,0,0,0,0,0,0,0,0,0,0,0,0
Techno International - Batanagar,Electronics & Communication Engineering/Electronics & Telecommunication Engineering,33440,77989,0,0,0,0,0,0,0,0,0,0,0,0,0,0,0,0,0,0,0,0
Techno International - Batanagar,Mechanical Engineering,68536,78653,0,0,0,0,0,0,0,0,0,0,0,0,0,0,0,0,0,0,0,0
Techno International - New Town,Applied Electronics & Instrumentation Engineering/ Electronics & Instrumentation Engineering,23454,79637,0,0,0,0,0,0,0,0,0,0,0,0,0,0,0,0,0,0,0,0
Techno International - New Town,Applied Electronics & Instrumentation Engineering/ Electronics & Instrumentation Engineering (Tfw),0,0,0,0,0,0,0,0,0,0,0,0,0,0,0,0,0,0,0,0,19422,24423
Techno International - New Town,Civil Engineering,23975,78300,0,0,0,0,0,0,0,0,0,0,0,0,0,0,0,0,0,0,0,0
Techno International - New Town,Civil Engineering (Tfw),0,0,0,0,0,0,0,0,0,0,0,0,0,0,0,0,0,0,0,0,9859,28769
Techno International - New Town,Computer Science & Engineering/ Computer Science & Technology,7524,19741,0,0,0,0,0,0,0,0,0,0,0,0,0,0,0,0,0,0,0,0
Techno International - New Town,Computer Science & Engineering/Computer Science & Technology (Tfw),0,0,0,0,0,0,0,0,0,0,0,0,0,0,0,0,0,0,0,0,5358,9753
Techno International - New Town,Electrical Engineering,12851,78704,0,0,0,0,0,0,0,0,0,0,0,0,0,0,0,0,0,0,0,0
Techno International - New Town,Electrical Engineering (Tfw),0,0,0,0,0,0,0,0,0,0,0,0,0,0,0,0,0,0,0,0,19087,23917
Techno International - New Town,Electronics & Communication Engineering/Electronics & Telecommunication Engineering,15718,39265,0,0,0,0,0,0,0,0,0,0,0,0,0,0,0,0,0,0,0,0
Techno International - New Town,Electronics & Communication Engineering/Electronics & Telecommunication Engineering (Tfw),0,0,0,0,0,0,0,0,0,0,0,0,0,0,0,0,0,0,0,0,11699,16073
Techno International - New Town,Information Technology,14353,27490,0,0,0,0,0,0,0,0,0,0,0,0,0,0,0,0,0,0,0,0
Techno International - New Town,Information Technology (Tfw),0,0,0,0,0,0,0,0,0,0,0,0,0,0,0,0,0,0,0,0,16258,16664
Techno International - New Town,Mechanical Engineering,24707,80453,0,0,0,0,0,0,0,0,0,0,0,0,0,0,0,0,0,0,0,0
Techno International - New Town,Mechanical Engineering (Tfw),0,0,0,0,0,0,0,0,0,0,0,0,0,0,0,0,0,0,0,0,8315,27317
Techno Main - Salt Lake,Applied Electronics & Instrumentation Engineering/ Electronics & Instrumentation Engineering,7896,17733,0,0,0,0,0,0,0,0,0,0,0,0,0,0,0,0,0,0,0,0
Techno Main - Salt Lake,Applied Electronics & Instrumentation Engineering/ Electronics & Instrumentation Engineering (Tfw),0,0,0,0,0,0,0,0,0,0,0,0,0,0,0,0,0,0,0,0,8118,11177
Techno Main - Salt Lake,Civil Engineering,8268,27772,0,0,0,0,0,0,0,0,0,0,0,0,0,0,0,0,0,0,0,0
Techno Main - Salt Lake,Civil Engineering (Tfw),0,0,0,0,0,0,0,0,0,0,0,0,0,0,0,0,0,0,0,0,12227,17383
Techno Main - Salt Lake,Computer Science & Engineering/ Computer Science & Technology,1672,5142,0,0,0,0,0,0,0,0,0,0,0,0,0,0,0,0,0,0,0,0
Techno Main - Salt Lake,Computer Science & Engineering/Computer Science & Technology (Tfw),0,0,0,0,0,0,0,0,0,0,0,0,0,0,0,0,0,0,0,0,1823,4272
Techno Main - Salt Lake,Electrical Engineering,7371,12214,0,0,0,0,0,0,0,0,0,0,0,0,0,0,0,0,0,0,0,0
Techno Main - Salt Lake,Electrical Engineering (Tfw),0,0,0,0,0,0,0,0,0,0,0,0,0,0,0,0,0,0,0,0,6942,8544
Techno Main - Salt Lake,Electronics & Communication Engineering/Electronics & Telecommunication Engineering,5198,7832,0,0,0,0,0,0,0,0,0,0,0,0,0,0,0,0,0,0,0,0
Techno Main - Salt Lake,Electronics & Communication Engineering/Electronics & Telecommunication Engineering (Tfw),0,0,0,0,0,0,0,0,0,0,0,0,0,0,0,0,0,0,0,0,5527,7544
Techno Main - Salt Lake,Food Technology,8761,41108,0,0,0,0,0,0,0,0,0,0,0,0,0,0,0,0,0,0,0,0
Techno Main - Salt Lake,Food Technology (Tfw),0,0,0,0,0,0,0,0,0,0,0,0,0,0,0,0,0,0,0,0,18186,21870
Techno Main - Salt Lake,Information Technology,5207,6952,0,0,0,0,0,0,0,0,0,0,0,0,0,0,0,0,0,0,0,0
Techno Main - Salt Lake,Information Technology (Tfw),0,0,0,0,0,0,0,0,0,0,0,0,0,0,0,0,0,0,0,0,4333,5883
Techno Main - Salt Lake,Mechanical Engineering,7589,19326,0,0,0,0,0,0,0,0,0,0,0,0,0,0,0,0,0,0,0,0
Techno Main - Salt Lake,Mechanical Engineering (Tfw),0,0,0,0,0,0,0,0,0,0,0,0,0,0,0,0,0,0,0,0,9997,12369
The Neotia University,B.Pharm/Pharmaceutical Technology,28209,51672,0,0,0,0,0,0,0,0,0,0,0,0,0,0,0,0,0,0,0,0
The Neotia University,Computer Science & Engineering (Cyber Security),16482,54062,0,0,0,0,0,0,0,0,0,0,0,0,0,0,0,0,0,0,0,0
The Neotia University,Computer Science & Engineering (Data Analysis),32415,78842,0,0,0,0,0,0,0,0,0,0,0,0,0,0,0,0,0,0,0,0
The Neotia University,Marine Engineering/Marine Technology,17417,67037,0,0,0,0,0,0,0,0,0,0,0,0,0,0,0,0,0,0,0,0
The Neotia University,Mechanical Engineering -Mechatronics,51495,62091,0,0,0,0,0,0,0,0,0,0,0,0,0,0,0,0,0,0,0,0
The Neotia University,Robotic Engineering,19378,61569,0,0,0,0,0,0,0,0,0,0,0,0,0,0,0,0,0,0,0,0
Aliah University,Civil Engineering,1284,11477,0,0,0,0,0,0,0,0,0,0,0,0,0,0,0,0,0,0,0,0
Aliah University,Computer Science & Engineering/ Computer Science & Technology,2657,4508,0,0,0,0,0,0,0,0,0,0,0,0,0,0,0,0,0,0,0,0
Aliah University,Electrical Engineering,1749,9348,0,0,0,0,0,0,0,0,0,0,0,0,0,0,0,0,0,0,0,0
Aliah University,Electronics & Communication Engineering/Electronics & Telecommunication Engineering,4662,7668,0,0,0,0,0,0,0,0,0,0,0,0,0,0,0,0,0,0,0,0
Aliah University,Mechanical Engineering,3145,9865,0,0,0,0,0,0,0,0,0,0,0,0,0,0,0,0,0,0,0,0
Bidhan Chandra Krishi Viswa Vidyalaya,Agricultural Engineering,2554,5097,53972,53972,7951,13911,0,0,40202,60301,0,0,6032,7501,0,0,5133,5749,0,0,0,0
Bidhan Chandra Krishi Viswa Vidyalaya,Agricultural Engineering (Tfw),0,0,0,0,0,0,0,0,0,0,0,0,0,0,0,0,0,0,0,0,1036,1036
"Department Of Jute And Fibre Technology, Calcutta University",Jute & Fibre Technology,4737,19856,0,0,27932,35239,0,0,0,0,0,0,21107,27231,0,0,19993,24338,0,0,0,0
"Department Of Jute And Fibre Technology, Calcutta University",Jute & Fibre Technology (Tfw),0,0,0,0,0,0,0,0,0,0,0,0,0,0,0,0,0,0,0,0,10931,12431
Jadavpur University,Architecture,725,1417,61552,61552,10405,14366,0,0,22069,24904,0,0,8631,32661,0,0,7217,10538,0,0,0,0
Jadavpur University,B.Pharm/Pharmaceutical Technology,951,1135,4642,6176,4386,13585,49854,49854,12166,29444,0,0,4209,5543,0,0,4214,4868,0,0,0,0
Jadavpur University,B.Pharm/Pharmaceutical Technology (Tfw),0,0,0,0,0,0,0,0,0,0,0,0,0,0,0,0,0,0,0,0,1364,2222
Jadavpur University,Chemical Engineering,383,484,31004,51552,3503,7725,0,0,24257,37798,0,0,1726,4384,0,0,1262,2726,0,0,0,0
Jadavpur University,Chemical Engineering (Tfw),0,0,0,0,0,0,0,0,0,0,0,0,0,0,0,0,0,0,0,0,859,1169
Jadavpur University,Civil Engineering,419,487,29435,51951,5048,9399,0,0,17091,30811,0,0,2057,5275,67841,67841,1619,3266,0,0,0,0
Jadavpur University,Civil Engineering (Tfw),0,0,0,0,0,0,0,0,0,0,0,0,0,0,0,0,0,0,0,0,802,1522
Jadavpur University,Computer Science & Engineering/ Computer Science & Technology,69,107,1555,7396,333,1734,17722,17722,3132,4795,0,0,122,456,0,0,149,304,0,0,0,0
Jadavpur University,Computer Science & Engineering/Computer Science & Technology (Tfw),0,0,0,0,0,0,0,0,0,0,0,0,0,0,0,0,0,0,0,0,155,197
Jadavpur University,Construction Engineering,502,655,76879,76879,11463,12767,0,0,39339,50564,0,0,6992,8066,0,0,1980,3423,0,0,0,0
Jadavpur University,Construction Engineering (Tfw),0,0,0,0,0,0,0,0,0,0,0,0,0,0,0,0,0,0,0,0,1768,2005
Jadavpur University,Electrical Engineering,196,323,13932,25726,1166,4757,37662,37662,4931,20957,0,0,471,2588,30478,30478,507,1075,0,0,0,0
Jadavpur University,Electrical Engineering (Tfw),0,0,0,0,0,0,0,0,0,0,0,0,0,0,0,0,0,0,0,0,396,640
Jadavpur University,Electronics & Communication Engineering/Electronics & Telecommunication Engineering,110,161,10814,13849,1838,3179,27885,27885,11032,12428,0,0,585,1677,0,0,346,734,0,0,0,0
Jadavpur University,Electronics & Communication Engineering/Electronics & Telecommunication Engineering (Tfw),0,0,0,0,0,0,0,0,0,0,0,0,0,0,0,0,0,0,0,0,199,318
Jadavpur University,Food Technology And Bio Chemical Engineering,668,711,62209,62209,7085,13456,0,0,44644,45181,0,0,8182,8551,0,0,2825,4330,0,0,0,0
Jadavpur University,Food Technology And Bio Chemical Engineering (Tfw),0,0,0,0,0,0,0,0,0,0,0,0,0,0,0,0,0,0,0,0,2591,2725
Jadavpur University,Information Technology,164,183,8845,26479,2086,5005,0,0,8629,13823,0,0,592,1897,0,0,353,961,0,0,0,0
Jadavpur University,Information Technology (Tfw),0,0,0,0,0,0,0,0,0,0,0,0,0,0,0,0,0,0,0,0,284,485
Jadavpur University,Instrumentation Engineering/Instrumentation & Electronics Engineering,188,365,35735,35735,3832,6849,0,0,25877,31715,0,0,2971,3868,0,0,1898,2075,0,0,0,0
Jadavpur University,Instrumentation Engineering/Instrumentation & Electronics Engineering (Tfw),0,0,0,0,0,0,0,0,0,0,0,0,0,0,0,0,0,0,0,0,709,927
Jadavpur University,Mechanical Engineering,227,379,9676,26501,1964,5713,0,0,7897,23450,0,0,2772,4040,31731,31731,1046,1815,0,0,0,0
Jadavpur University,Mechanical Engineering (Tfw),0,0,0,0,0,0,0,0,0,0,0,0,0,0,0,0,0,0,0,0,665,898
Jadavpur University,Metallurgical Engineering,491,577,45127,45127,6933,9497,0,0,31895,38530,0,0,4387,6521,0,0,2806,3409,0,0,0,0
Jadavpur University,Metallurgical Engineering (Tfw),0,0,0,0,0,0,0,0,0,0,0,0,0,0,0,0,0,0,0,0,1701,1702
Jadavpur University,Power Engineering/Power Plant Engineering,547,580,0,0,9045,11963,0,0,47072,58621,0,0,7147,7820,0,0,2914,3784,0,0,0,0
Jadavpur University,Power Engineering/Power Plant Engineering (Tfw),0,0,0,0,0,0,0,0,0,0,0,0,0,0,0,0,0,0,0,0,1233,1696
Jadavpur University,Printing Engineering/Printing Technology,635,684,0,0,10409,13315,0,0,66754,68363,0,0,7095,8621,0,0,2941,3687,0,0,0,0
Jadavpur University,Printing Engineering/Printing Technology (Tfw),0,0,0,0,0,0,0,0,0,0,0,0,0,0,0,0,0,0,0,0,1866,2009
Jadavpur University,Production Engineering,488,602,0,0,7034,11456,0,0,48480,64230,0,0,4459,7098,0,0,2450,3630,0,0,0,0
Jadavpur University,Production Engineering (Tfw),0,0,0,0,0,0,0,0,0,0,0,0,0,0,0,0,0,0,0,0,1205,1515
"Kazi Nazrul University,Asansol",Metallurgical and Materials Engineering,6412,22278,0,0,32466,38473,0,0,0,0,0,0,30048,36434,0,0,22729,25207,0,0,0,0
"Kazi Nazrul University,Asansol",Mining Engineering,3637,20131,0,0,25295,36569,0,0,0,0,0,0,25448,34560,0,0,20169,23595,0,0,0,0
Maulana Abul Kalam Azad University Of Technology,Computer Science & Engineering/ Computer Science & Technology,827,2173,22720,22720,10788,12087,0,0,28932,36492,0,0,2755,6856,0,0,2795,3803,0,0,0,0
Maulana Abul Kalam Azad University Of Technology,Computer Science & Engineering/Computer Science & Technology (Tfw),0,0,0,0,0,0,0,0,0,0,0,0,0,0,0,0,0,0,0,0,2843,2846
Maulana Abul Kalam Azad University Of Technology,Information Technology,2245,2887,40398,40398,12840,15984,0,0,52603,63486,0,0,7835,9166,0,0,3609,5106,0,0,0,0
Maulana Abul Kalam Azad University Of Technology,Information Technology (Tfw),0,0,0,0,0,0,0,0,0,0,0,0,0,0,0,0,0,0,0,0,3023,3856
"University Institute Of Technology, The University of Burdwan",Applied Electronics & Instrumentation Engineering/ Electronics & Instrumentation Engineering,8345,21322,0,0,23874,36200,0,0,0,0,0,0,0,0,0,0,0,0,0,0,0,0
"University Institute Of Technology, The University of Burdwan",Applied Electronics & Instrumentation Engineering/ Electronics & Instrumentation Engineering (Tfw),0,0,0,0,0,0,0,0,0,0,0,0,0,0,0,0,0,0,0,0,10311,19198
"University Institute Of Technology, The University of Burdwan",Civil Engineering,6555,18487,73752,73752,23846,32292,0,0,79366,79366,0,0,0,0,0,0,0,0,0,0,0,0
"University Institute Of Technology, The University of Burdwan",Civil Engineering (Tfw),0,0,0,0,0,0,0,0,0,0,0,0,0,0,0,0,0,0,0,0,9270,13144
"University Institute Of Technology, The University of Burdwan",Computer Science & Engineering/ Computer Science & Technology,1963,6883,0,0,17899,23273,0,0,39292,59608,0,0,0,0,0,0,0,0,0,0,0,0
"University Institute Of Technology, The University of Burdwan",Computer Science & Engineering/Computer Science & Technology (Tfw),0,0,0,0,0,0,0,0,0,0,0,0,0,0,0,0,0,0,0,0,4244,6193
"University Institute Of Technology, The University of Burdwan",Electrical Engineering,3330,14713,0,0,18793,32424,0,0,78769,78769,0,0,0,0,0,0,0,0,0,0,0,0
"University Institute Of Technology, The University of Burdwan",Electrical Engineering (Tfw),0,0,0,0,0,0,0,0,0,0,0,0,0,0,0,0,0,0,0,0,8517,11818
"University Institute Of Technology, The University of Burdwan",Electronics & Communication Engineering/Electronics & Telecommunication Engineering,5891,13529,0,0,20742,32630,0,0,71331,78240,0,0,0,0,0,0,0,0,0,0,0,0
"University Institute Of Technology, The University of Burdwan",Electronics & Communication Engineering/Electronics & Telecommunication Engineering (Tfw),0,0,0,0,0,0,0,0,0,0,0,0,0,0,0,0,0,0,0,0,10302,11944
"University Institute Of Technology, The University of Burdwan",Information Technology,5833,11869,0,0,18936,30562,0,0,62189,78030,0,0,0,0,0,0,0,0,0,0,0,0
"University Institute Of Technology, The University of Burdwan",Information Technology (Tfw),0,0,0,0,0,0,0,0,0,0,0,0,0,0,0,0,0,0,0,0,6586,12096
University Of Calcutta,Chemical Engineering,1200,2430,0,0,10104,14005,0,0,80350,80350,0,0,5411,5411,0,0,2761,2761,0,0,0,0
University Of Calcutta,Chemical Technology,2478,4506,0,0,13895,17547,0,0,0,0,0,0,5341,5341,0,0,5284,5284,0,0,0,0
University Of Calcutta,Computer Science & Engineering/ Computer Science & Technology,257,1137,0,0,3944,9386,0,0,23391,23391,0,0,4239,4239,0,0,1741,1741,0,0,0,0
University Of Calcutta,Electrical Engineering,820,1833,0,0,6094,10285,0,0,18466,18466,0,0,5294,5294,0,0,0,0,0,0,0,0
University Of Calcutta,Electronics & Communication Engineering/Electronics & Telecommunication Engineering,1228,1772,0,0,6529,12101,0,0,33344,38880,0,0,3795,3795,0,0,2187,2187,0,0,0,0
University Of Calcutta,Information Technology,1154,1521,0,0,11837,12870,0,0,40320,40320,0,0,6277,6277,0,0,0,0,0,0,0,0
University Of Calcutta,Instrumentation Engineering/Instrumentation & Electronics Engineering,1860,2251,0,0,13012,15276,0,0,52004,52004,0,0,5557,5557,0,0,0,0,0,0,0,0
University Of Calcutta,Optics & Optoelectronics,1710,3634,0,0,13742,19938,0,0,0,0,0,0,16237,16237,0,0,0,0,0,0,0,0
University Of Calcutta,Polymer Science & Technology,2905,5087,0,0,16345,21863,0,0,0,0,0,0,9564,9564,0,0,0,0,0,0,0,0
"University Of Kalyani, Science Instrumentation Centre",Applied Electronics & Instrumentation Engineering/ Electronics & Instrumentation Engineering,2561,5805,0,0,15590,24015,0,0,41556,57628,0,0,11706,17373,0,0,6274,7919,0,0,0,0
"University Of Kalyani, Science Instrumentation Centre",Applied Electronics & Instrumentation Engineering/ Electronics & Instrumentation Engineering (Tfw),0,0,0,0,0,0,0,0,0,0,0,0,0,0,0,0,0,0,0,0,2831,2831
"University Of Kalyani, Science Instrumentation Centre",Information Technology,754,3014,0,0,14423,18334,0,0,75981,75981,0,0,9517,12165,0,0,6462,7517,0,0,0,0
"University Of Kalyani, Science Instrumentation Centre",Information Technology (Tfw),0,0,0,0,0,0,0,0,0,0,0,0,0,0,0,0,0,0,0,0,4127,4127
Uttar Banga Krishi Viswa Vidyalaya,Agricultural Engineering,5189,8914,0,0,13634,17523,0,0,40316,40316,0,0,12203,13549,0,0,8994,8994,0,0,0,0
Uttar Banga Krishi Viswa Vidyalaya,Agricultural Engineering (Tfw),0,0,0,0,0,0,0,0,0,0,0,0,0,0,0,0,0,0,0,0,5998,5998
West Bengal University Of Animal & Fishery Sciences,Dairy Technology,4566,12356,0,0,14954,22928,0,0,55767,63378,0,0,16430,22318,0,0,16169,19186,0,0,0,0
